{
  "type": "FeatureCollection",
  "metadata": {
    "_nota": "Secciones electorales REALES de San Pedro Cholula, Puebla (municipio IFE 21141, clave INEGI 21140). Fuente original: cartografía pública del INE (Marco Geográfico Electoral), redistritación 2021. Obtenido vía el espejo académico github.com/emagar/mxDistritos (MIT), no directamente del INE (ese dominio está bloqueado para este agente al momento de generar el archivo). Geometría tomada de shape.__geo_interface__ de pyshp (respeta la orientación de anillos OGC) y reproyectada de UTM Zone 14N (EPSG:32614) a WGS84 (EPSG:4326).",
    "secciones_esperadas_no_incluidas": [
      2787,
      2788,
      2789,
      2790,
      2791
    ],
    "nota_secciones_faltantes": "Estas 5 secciones existen en el catálogo de equivalencias seccionales (tablaEquivalenciasSeccionalesDesde1994.csv) como parte de San Pedro Cholula para la redistritación 2021, pero no tienen geometría en este shapefile — verificar con el INE si se requiere el conjunto completo de 51.",
    "fuente": "https://github.com/emagar/mxDistritos/tree/master/mapasComparados/sec/shp/sec2021/pue",
    "generado": "2026-08-12"
  },
  "features": [
    {
      "type": "Feature",
      "properties": {
        "clave_ine": "211800",
        "seccion": 1800,
        "municipio": "San Pedro Cholula",
        "entidad": "Puebla"
      },
      "geometry": {
        "type": "MultiPolygon",
        "coordinates": [
          [
            [
              [
                -98.30155344904438,
                19.08374572455838
              ],
              [
                -98.30149440947837,
                19.083679428980492
              ],
              [
                -98.30136487288763,
                19.083427332378537
              ],
              [
                -98.30127746157653,
                19.083298999039084
              ],
              [
                -98.3008446851582,
                19.083039508600134
              ],
              [
                -98.30072276632325,
                19.082966407025587
              ],
              [
                -98.3004252987887,
                19.082708386846942
              ],
              [
                -98.30021018725442,
                19.082548593751202
              ],
              [
                -98.3000206915699,
                19.082450903749006
              ],
              [
                -98.29988001583749,
                19.082382753208723
              ],
              [
                -98.29963032951305,
                19.082238375507938
              ],
              [
                -98.29926327317082,
                19.08199362211246
              ],
              [
                -98.29890723215738,
                19.081756212762706
              ],
              [
                -98.29858209309315,
                19.08154019811825
              ],
              [
                -98.29824840773973,
                19.081342692643776
              ],
              [
                -98.29799292253655,
                19.081206634642637
              ],
              [
                -98.29780849633464,
                19.08110841860942
              ],
              [
                -98.29767542975179,
                19.081037554476012
              ],
              [
                -98.29763585510953,
                19.081016479263088
              ],
              [
                -98.29746696308283,
                19.08092653587732
              ],
              [
                -98.29740462609767,
                19.080893337393096
              ],
              [
                -98.2972495375168,
                19.08079760576659
              ],
              [
                -98.29718455121983,
                19.08075749188602
              ],
              [
                -98.29707990787034,
                19.080692898076386
              ],
              [
                -98.29693044541133,
                19.080600638899412
              ],
              [
                -98.29674051081128,
                19.08048339676814
              ],
              [
                -98.29790126987034,
                19.079223030917696
              ],
              [
                -98.298023468265,
                19.079210546140896
              ],
              [
                -98.2980441926878,
                19.079208428141897
              ],
              [
                -98.29806960230313,
                19.079205832748144
              ],
              [
                -98.29832036628007,
                19.079446164040007
              ],
              [
                -98.29892032152763,
                19.07879990108773
              ],
              [
                -98.29938067202055,
                19.078287232882662
              ],
              [
                -98.29947330120422,
                19.078184076030297
              ],
              [
                -98.29967470352027,
                19.077957195470553
              ],
              [
                -98.2998996769539,
                19.077706764996627
              ],
              [
                -98.29992922469779,
                19.077673651484634
              ],
              [
                -98.29996981461193,
                19.077550435965314
              ],
              [
                -98.2999914983541,
                19.07748461270764
              ],
              [
                -98.30000373446487,
                19.077359403481992
              ],
              [
                -98.29999971420611,
                19.077334874245
              ],
              [
                -98.29993998412452,
                19.076970432492164
              ],
              [
                -98.29992421354362,
                19.076874228960218
              ],
              [
                -98.29986264989911,
                19.076536342891618
              ],
              [
                -98.29985495620082,
                19.07649411685275
              ],
              [
                -98.29984104241338,
                19.07643470216918
              ],
              [
                -98.29983010318372,
                19.07636251222021
              ],
              [
                -98.2998218391167,
                19.076219621819984
              ],
              [
                -98.29982564382829,
                19.07610425990452
              ],
              [
                -98.29985616652316,
                19.076008237575948
              ],
              [
                -98.29987303584296,
                19.075940600367854
              ],
              [
                -98.29989282918547,
                19.075883750071362
              ],
              [
                -98.29993182429502,
                19.07580633470538
              ],
              [
                -98.29996782372925,
                19.07571594336417
              ],
              [
                -98.30007619940613,
                19.075518041541546
              ],
              [
                -98.30011536274789,
                19.075439453754772
              ],
              [
                -98.30021038179663,
                19.07524878592729
              ],
              [
                -98.30028689256228,
                19.075095502883517
              ],
              [
                -98.30050417331124,
                19.07465984991612
              ],
              [
                -98.30064059349067,
                19.074386322453137
              ],
              [
                -98.30108256614258,
                19.073527827152212
              ],
              [
                -98.30152628585769,
                19.07266592660731
              ],
              [
                -98.30165966428447,
                19.072406844244252
              ],
              [
                -98.3019700008647,
                19.071804024768554
              ],
              [
                -98.30239901489354,
                19.070941474116424
              ],
              [
                -98.30282416177357,
                19.070082991503423
              ],
              [
                -98.30326096707905,
                19.06923568725232
              ],
              [
                -98.30475831158526,
                19.069930321901758
              ],
              [
                -98.30627155720751,
                19.07059471578525
              ],
              [
                -98.30784076101597,
                19.071316293677437
              ],
              [
                -98.30835842435648,
                19.07155433085521
              ],
              [
                -98.30945225640171,
                19.07205494429074
              ],
              [
                -98.30899710598622,
                19.07290023744962
              ],
              [
                -98.30740677765425,
                19.072163833865478
              ],
              [
                -98.30693825734618,
                19.073036190825537
              ],
              [
                -98.30659716596374,
                19.073718541827425
              ],
              [
                -98.30650542339507,
                19.073893536238476
              ],
              [
                -98.30493661100695,
                19.07317504063093
              ],
              [
                -98.30448594683043,
                19.074043545072822
              ],
              [
                -98.30407756974921,
                19.074883628930092
              ],
              [
                -98.30394392043753,
                19.075138537771874
              ],
              [
                -98.30390225643768,
                19.075218004428326
              ],
              [
                -98.30362605622587,
                19.07574479676937
              ],
              [
                -98.3032234357095,
                19.07652404889493
              ],
              [
                -98.30306221946805,
                19.076837533278187
              ],
              [
                -98.30302985597602,
                19.076900463559735
              ],
              [
                -98.30291820423514,
                19.07720796733816
              ],
              [
                -98.30286963854995,
                19.077409230178795
              ],
              [
                -98.30290640898498,
                19.078029560538365
              ],
              [
                -98.30292450839983,
                19.078292518532265
              ],
              [
                -98.3029882800971,
                19.078754510135226
              ],
              [
                -98.30304714481488,
                19.079569170520724
              ],
              [
                -98.30304859756777,
                19.079907027196572
              ],
              [
                -98.30329963861224,
                19.08008378435633
              ],
              [
                -98.30430458231355,
                19.08080937840964
              ],
              [
                -98.30384678469441,
                19.081358487167655
              ],
              [
                -98.30379821073666,
                19.081412431298453
              ],
              [
                -98.30248368720567,
                19.082872232633925
              ],
              [
                -98.3024468241771,
                19.083009434074086
              ],
              [
                -98.30221425171638,
                19.08329493955301
              ],
              [
                -98.30193265485214,
                19.083472346447532
              ],
              [
                -98.301622111466,
                19.0837896825957
              ],
              [
                -98.30155344904438,
                19.08374572455838
              ]
            ]
          ]
        ]
      }
    },
    {
      "type": "Feature",
      "properties": {
        "clave_ine": "211801",
        "seccion": 1801,
        "municipio": "San Pedro Cholula",
        "entidad": "Puebla"
      },
      "geometry": {
        "type": "MultiPolygon",
        "coordinates": [
          [
            [
              [
                -98.29973733072215,
                19.083219922340863
              ],
              [
                -98.29943531999037,
                19.082995994665456
              ],
              [
                -98.29931114306777,
                19.082911662262863
              ],
              [
                -98.2991107165255,
                19.082775300824697
              ],
              [
                -98.29889739764066,
                19.082641563303728
              ],
              [
                -98.29882703310949,
                19.082592854246762
              ],
              [
                -98.29847351575252,
                19.082413321623715
              ],
              [
                -98.29831541967768,
                19.08234013321913
              ],
              [
                -98.29816584005768,
                19.082270887448807
              ],
              [
                -98.29796106822714,
                19.08218962714256
              ],
              [
                -98.29766498455662,
                19.082072130712803
              ],
              [
                -98.29755891080364,
                19.08203003671604
              ],
              [
                -98.29742132464752,
                19.0819754372504
              ],
              [
                -98.29736429424318,
                19.08195505094093
              ],
              [
                -98.29718724089375,
                19.081891758117578
              ],
              [
                -98.29699346648628,
                19.081822488403965
              ],
              [
                -98.29681581834645,
                19.081758982398757
              ],
              [
                -98.29656715995142,
                19.08166221544386
              ],
              [
                -98.29639585436081,
                19.081597290929974
              ],
              [
                -98.29626571268254,
                19.081551210263143
              ],
              [
                -98.2961981208601,
                19.081523269862128
              ],
              [
                -98.29599434491163,
                19.081421384115888
              ],
              [
                -98.29589104948361,
                19.081342169197185
              ],
              [
                -98.29579678010467,
                19.08124051984701
              ],
              [
                -98.29564952879016,
                19.08107114215391
              ],
              [
                -98.29533150972458,
                19.080637644116454
              ],
              [
                -98.29499337839884,
                19.080176726998115
              ],
              [
                -98.29495509929382,
                19.080261149461375
              ],
              [
                -98.29470646476781,
                19.080842449235586
              ],
              [
                -98.29456764002988,
                19.080780019561033
              ],
              [
                -98.29430317224714,
                19.080644046883034
              ],
              [
                -98.2941702089911,
                19.080579764164785
              ],
              [
                -98.2938435567969,
                19.080421840284377
              ],
              [
                -98.29351876570671,
                19.08023940722648
              ],
              [
                -98.293387133646,
                19.080157007940347
              ],
              [
                -98.29276868985191,
                19.079880267508926
              ],
              [
                -98.29268718825142,
                19.07986358508207
              ],
              [
                -98.29206234611351,
                19.078495833784494
              ],
              [
                -98.29202559615372,
                19.078415389319222
              ],
              [
                -98.29236427740445,
                19.07808479260109
              ],
              [
                -98.29238821935638,
                19.077973171022652
              ],
              [
                -98.29249080971482,
                19.077814124730924
              ],
              [
                -98.29275155711308,
                19.077423932331886
              ],
              [
                -98.29277485105091,
                19.077389222661253
              ],
              [
                -98.29287495940386,
                19.077241260505843
              ],
              [
                -98.29296647853414,
                19.077048337577985
              ],
              [
                -98.29307185417369,
                19.076826202089585
              ],
              [
                -98.29311521776337,
                19.076734791240238
              ],
              [
                -98.29322989598344,
                19.07656521925829
              ],
              [
                -98.2941371999465,
                19.075374292787558
              ],
              [
                -98.29436886692824,
                19.07507592960364
              ],
              [
                -98.29510701840778,
                19.074976108108356
              ],
              [
                -98.29552296007319,
                19.074913607730824
              ],
              [
                -98.29586608058344,
                19.07480276195325
              ],
              [
                -98.29616155704873,
                19.074667700473807
              ],
              [
                -98.29648523124304,
                19.074506041538893
              ],
              [
                -98.29676959606375,
                19.074341562550746
              ],
              [
                -98.29694152660367,
                19.074198017189904
              ],
              [
                -98.29717850489268,
                19.073947903178013
              ],
              [
                -98.29747028569156,
                19.0741604961891
              ],
              [
                -98.29764422039251,
                19.074324780464494
              ],
              [
                -98.29801037255558,
                19.07462783418668
              ],
              [
                -98.29836679509374,
                19.074290011216394
              ],
              [
                -98.29884654155572,
                19.07357231568769
              ],
              [
                -98.29834947309519,
                19.073348914460098
              ],
              [
                -98.29783497394206,
                19.0730869900791
              ],
              [
                -98.297785390465,
                19.073061454979687
              ],
              [
                -98.29772222960133,
                19.07302888159575
              ],
              [
                -98.29792940177217,
                19.072629383064264
              ],
              [
                -98.29835530187958,
                19.071773217194423
              ],
              [
                -98.29893022634218,
                19.070617459103538
              ],
              [
                -98.29902437230332,
                19.070463391321976
              ],
              [
                -98.2990663908214,
                19.070480479285745
              ],
              [
                -98.29913756279389,
                19.070516369429427
              ],
              [
                -98.30011796860732,
                19.070967246594094
              ],
              [
                -98.30026395613777,
                19.071034610814106
              ],
              [
                -98.3006031467295,
                19.07119161545971
              ],
              [
                -98.3006234625307,
                19.071201016063863
              ],
              [
                -98.30149185888845,
                19.07161307176323
              ],
              [
                -98.3019700008647,
                19.071804024768554
              ],
              [
                -98.30165966428447,
                19.072406844244252
              ],
              [
                -98.30152628585769,
                19.07266592660731
              ],
              [
                -98.30108256614258,
                19.073527827152212
              ],
              [
                -98.30064059349067,
                19.074386322453137
              ],
              [
                -98.30050417331124,
                19.07465984991612
              ],
              [
                -98.30028689256228,
                19.075095502883517
              ],
              [
                -98.30021038179663,
                19.07524878592729
              ],
              [
                -98.30011536274789,
                19.075439453754772
              ],
              [
                -98.30007619940613,
                19.075518041541546
              ],
              [
                -98.29996782372925,
                19.07571594336417
              ],
              [
                -98.29993182429502,
                19.07580633470538
              ],
              [
                -98.29989282918547,
                19.075883750071362
              ],
              [
                -98.29987303584296,
                19.075940600367854
              ],
              [
                -98.29985616652316,
                19.076008237575948
              ],
              [
                -98.29982564382829,
                19.07610425990452
              ],
              [
                -98.2998218391167,
                19.076219621819984
              ],
              [
                -98.29983010318372,
                19.07636251222021
              ],
              [
                -98.29984104241338,
                19.07643470216918
              ],
              [
                -98.29985495620082,
                19.07649411685275
              ],
              [
                -98.29986264989911,
                19.076536342891618
              ],
              [
                -98.29992421354362,
                19.076874228960218
              ],
              [
                -98.29993998412452,
                19.076970432492164
              ],
              [
                -98.29999971420611,
                19.077334874245
              ],
              [
                -98.30000373446487,
                19.077359403481992
              ],
              [
                -98.2999914983541,
                19.07748461270764
              ],
              [
                -98.29996981461193,
                19.077550435965314
              ],
              [
                -98.29992922469779,
                19.077673651484634
              ],
              [
                -98.2998996769539,
                19.077706764996627
              ],
              [
                -98.29967470352027,
                19.077957195470553
              ],
              [
                -98.29947330120422,
                19.078184076030297
              ],
              [
                -98.29938067202055,
                19.078287232882662
              ],
              [
                -98.29892032152763,
                19.07879990108773
              ],
              [
                -98.29832036628007,
                19.079446164040007
              ],
              [
                -98.29806960230313,
                19.079205832748144
              ],
              [
                -98.2980441926878,
                19.079208428141897
              ],
              [
                -98.298023468265,
                19.079210546140896
              ],
              [
                -98.29790126987034,
                19.079223030917696
              ],
              [
                -98.29674051081128,
                19.08048339676814
              ],
              [
                -98.29693044541133,
                19.080600638899412
              ],
              [
                -98.29707990787034,
                19.080692898076386
              ],
              [
                -98.29718455121983,
                19.08075749188602
              ],
              [
                -98.2972495375168,
                19.08079760576659
              ],
              [
                -98.29740462609767,
                19.080893337393096
              ],
              [
                -98.29746696308283,
                19.08092653587732
              ],
              [
                -98.29763585510953,
                19.081016479263088
              ],
              [
                -98.29767542975179,
                19.081037554476012
              ],
              [
                -98.29780849633464,
                19.08110841860942
              ],
              [
                -98.29799292253655,
                19.081206634642637
              ],
              [
                -98.29824840773973,
                19.081342692643776
              ],
              [
                -98.29858209309315,
                19.08154019811825
              ],
              [
                -98.29890723215738,
                19.081756212762706
              ],
              [
                -98.29926327317082,
                19.08199362211246
              ],
              [
                -98.29963032951305,
                19.082238375507938
              ],
              [
                -98.29988001583749,
                19.082382753208723
              ],
              [
                -98.3000206915699,
                19.082450903749006
              ],
              [
                -98.30021018725442,
                19.082548593751202
              ],
              [
                -98.3004252987887,
                19.082708386846942
              ],
              [
                -98.30015802989251,
                19.083553016186883
              ],
              [
                -98.29973733072215,
                19.083219922340863
              ]
            ]
          ]
        ]
      }
    },
    {
      "type": "Feature",
      "properties": {
        "clave_ine": "211802",
        "seccion": 1802,
        "municipio": "San Pedro Cholula",
        "entidad": "Puebla"
      },
      "geometry": {
        "type": "MultiPolygon",
        "coordinates": [
          [
            [
              [
                -98.29233825961671,
                19.0780520101939
              ],
              [
                -98.29232646799646,
                19.07803715137714
              ],
              [
                -98.29222783992589,
                19.07791287371971
              ],
              [
                -98.29207155304755,
                19.077688215035963
              ],
              [
                -98.29167064160592,
                19.077026943331287
              ],
              [
                -98.29125790727934,
                19.076878405507774
              ],
              [
                -98.29083670918193,
                19.07672682036379
              ],
              [
                -98.29040040974733,
                19.07656980000859
              ],
              [
                -98.29009234380935,
                19.07645892856899
              ],
              [
                -98.29055105566773,
                19.075422551632073
              ],
              [
                -98.29059184274408,
                19.075330413031438
              ],
              [
                -98.29061906440592,
                19.075257474791055
              ],
              [
                -98.29064754463573,
                19.075181152488273
              ],
              [
                -98.29065168918903,
                19.075104893804916
              ],
              [
                -98.29044447275925,
                19.075033280270915
              ],
              [
                -98.29024670673614,
                19.074968923499547
              ],
              [
                -98.28988522118023,
                19.074852810698236
              ],
              [
                -98.28955956198577,
                19.074736902115667
              ],
              [
                -98.28915179472682,
                19.074594651518236
              ],
              [
                -98.28852531274207,
                19.074389656902692
              ],
              [
                -98.28830837994983,
                19.074293444405434
              ],
              [
                -98.28821813508762,
                19.074253419756523
              ],
              [
                -98.28800747805656,
                19.074150237357575
              ],
              [
                -98.28794800622441,
                19.074121108095017
              ],
              [
                -98.28778111172416,
                19.07405528284024
              ],
              [
                -98.28761236135,
                19.0737841110819
              ],
              [
                -98.28752807878692,
                19.073640577862665
              ],
              [
                -98.2874109906807,
                19.073483898143394
              ],
              [
                -98.28724200519478,
                19.07329577212664
              ],
              [
                -98.28697759493264,
                19.073008333852115
              ],
              [
                -98.28684387667633,
                19.07289845748863
              ],
              [
                -98.28670198738735,
                19.072778134213827
              ],
              [
                -98.28641253131545,
                19.072584334283874
              ],
              [
                -98.2859342996483,
                19.07234814219053
              ],
              [
                -98.28568987744237,
                19.072242230137093
              ],
              [
                -98.28549954964225,
                19.072190230991172
              ],
              [
                -98.28518768565624,
                19.072113513260977
              ],
              [
                -98.28485934678436,
                19.072047145428186
              ],
              [
                -98.28460213139282,
                19.071999279786326
              ],
              [
                -98.2841123677802,
                19.071898435141705
              ],
              [
                -98.28314997003285,
                19.071693619406595
              ],
              [
                -98.28375285836542,
                19.071239570704524
              ],
              [
                -98.28429554898452,
                19.070830836697162
              ],
              [
                -98.28487742849684,
                19.070392583390362
              ],
              [
                -98.28517025792362,
                19.070172045869057
              ],
              [
                -98.28540095982997,
                19.069998297813978
              ],
              [
                -98.285791438383,
                19.06970421532588
              ],
              [
                -98.28642103694676,
                19.069230040392203
              ],
              [
                -98.28709241247648,
                19.068724395844416
              ],
              [
                -98.28777451853641,
                19.068234725203407
              ],
              [
                -98.28808767541378,
                19.068009914443085
              ],
              [
                -98.28905831380602,
                19.067301126125543
              ],
              [
                -98.2893247758966,
                19.067112631171902
              ],
              [
                -98.2901996837494,
                19.06649370278575
              ],
              [
                -98.2904805783724,
                19.066615312709008
              ],
              [
                -98.29053210950589,
                19.06663762282728
              ],
              [
                -98.29084297936018,
                19.066779417936043
              ],
              [
                -98.29145594635196,
                19.067054247627357
              ],
              [
                -98.29173401275293,
                19.06717892104271
              ],
              [
                -98.29209703973241,
                19.06734079140092
              ],
              [
                -98.29255083586787,
                19.06754189937347
              ],
              [
                -98.29284898244816,
                19.067675464734286
              ],
              [
                -98.2930221282878,
                19.06775303127248
              ],
              [
                -98.29467930206536,
                19.068498060078806
              ],
              [
                -98.29567869234467,
                19.068947624890832
              ],
              [
                -98.29610348330078,
                19.06913870892784
              ],
              [
                -98.29765724687842,
                19.06986923897158
              ],
              [
                -98.29837200024764,
                19.07017927719122
              ],
              [
                -98.29902437230332,
                19.070463391321976
              ],
              [
                -98.29893022634218,
                19.070617459103538
              ],
              [
                -98.29835530187958,
                19.071773217194423
              ],
              [
                -98.29792940177217,
                19.072629383064264
              ],
              [
                -98.29772222960133,
                19.07302888159575
              ],
              [
                -98.297785390465,
                19.073061454979687
              ],
              [
                -98.29783497394206,
                19.0730869900791
              ],
              [
                -98.29834947309519,
                19.073348914460098
              ],
              [
                -98.29884654155572,
                19.07357231568769
              ],
              [
                -98.29836679509374,
                19.074290011216394
              ],
              [
                -98.29801037255558,
                19.07462783418668
              ],
              [
                -98.29764422039251,
                19.074324780464494
              ],
              [
                -98.29747028569156,
                19.0741604961891
              ],
              [
                -98.29717850489268,
                19.073947903178013
              ],
              [
                -98.29694152660367,
                19.074198017189904
              ],
              [
                -98.29676959606375,
                19.074341562550746
              ],
              [
                -98.29648523124304,
                19.074506041538893
              ],
              [
                -98.29616155704873,
                19.074667700473807
              ],
              [
                -98.29586608058344,
                19.07480276195325
              ],
              [
                -98.29552296007319,
                19.074913607730824
              ],
              [
                -98.29510701840778,
                19.074976108108356
              ],
              [
                -98.29436886692824,
                19.07507592960364
              ],
              [
                -98.2941371999465,
                19.075374292787558
              ],
              [
                -98.29322989598344,
                19.07656521925829
              ],
              [
                -98.29311521776337,
                19.076734791240238
              ],
              [
                -98.29307185417369,
                19.076826202089585
              ],
              [
                -98.29296647853414,
                19.077048337577985
              ],
              [
                -98.29287495940386,
                19.077241260505843
              ],
              [
                -98.29277485105091,
                19.077389222661253
              ],
              [
                -98.29275155711308,
                19.077423932331886
              ],
              [
                -98.29249080971482,
                19.077814124730924
              ],
              [
                -98.29238821935638,
                19.077973171022652
              ],
              [
                -98.29236427740445,
                19.07808479260109
              ],
              [
                -98.29233825961671,
                19.0780520101939
              ]
            ]
          ]
        ]
      }
    },
    {
      "type": "Feature",
      "properties": {
        "clave_ine": "211803",
        "seccion": 1803,
        "municipio": "San Pedro Cholula",
        "entidad": "Puebla"
      },
      "geometry": {
        "type": "MultiPolygon",
        "coordinates": [
          [
            [
              [
                -98.29610348330078,
                19.06913870892784
              ],
              [
                -98.29567869234467,
                19.068947624890832
              ],
              [
                -98.29467930206536,
                19.068498060078806
              ],
              [
                -98.2930221282878,
                19.06775303127248
              ],
              [
                -98.29284898244816,
                19.067675464734286
              ],
              [
                -98.29255083586787,
                19.06754189937347
              ],
              [
                -98.29209703973241,
                19.06734079140092
              ],
              [
                -98.29173401275293,
                19.06717892104271
              ],
              [
                -98.29145594635196,
                19.067054247627357
              ],
              [
                -98.29084297936018,
                19.066779417936043
              ],
              [
                -98.29053210950589,
                19.06663762282728
              ],
              [
                -98.2904805783724,
                19.066615312709008
              ],
              [
                -98.2901996837494,
                19.06649370278575
              ],
              [
                -98.2893247758966,
                19.067112631171902
              ],
              [
                -98.28905831380602,
                19.067301126125543
              ],
              [
                -98.28808767541378,
                19.068009914443085
              ],
              [
                -98.28777451853641,
                19.068234725203407
              ],
              [
                -98.28709241247648,
                19.068724395844416
              ],
              [
                -98.28731614785181,
                19.06726851714136
              ],
              [
                -98.28754459880582,
                19.065781920069334
              ],
              [
                -98.28941448004271,
                19.06526742889467
              ],
              [
                -98.2892676762188,
                19.065552432976787
              ],
              [
                -98.29111056933098,
                19.065806651271327
              ],
              [
                -98.2928089939519,
                19.064585262195436
              ],
              [
                -98.2929329143178,
                19.06449614543193
              ],
              [
                -98.29401818124687,
                19.063961479637435
              ],
              [
                -98.29513009831356,
                19.063413667922926
              ],
              [
                -98.29526319115247,
                19.063473881689372
              ],
              [
                -98.29596758810214,
                19.063792525715254
              ],
              [
                -98.2968024095742,
                19.064170163175252
              ],
              [
                -98.29694963552066,
                19.063869858092087
              ],
              [
                -98.29709686092188,
                19.063569552864678
              ],
              [
                -98.29722366186391,
                19.063312847732682
              ],
              [
                -98.29821646405391,
                19.063771497100504
              ],
              [
                -98.29875227728972,
                19.0640156038574
              ],
              [
                -98.30029592530023,
                19.064713891521073
              ],
              [
                -98.29986783964384,
                19.06556625130188
              ],
              [
                -98.29941681198093,
                19.066413754787696
              ],
              [
                -98.29898608033787,
                19.067276144979484
              ],
              [
                -98.2985469327778,
                19.068110933428784
              ],
              [
                -98.29810947644988,
                19.068975494312646
              ],
              [
                -98.29765724687842,
                19.06986923897158
              ],
              [
                -98.29610348330078,
                19.06913870892784
              ]
            ]
          ]
        ]
      }
    },
    {
      "type": "Feature",
      "properties": {
        "clave_ine": "211804",
        "seccion": 1804,
        "municipio": "San Pedro Cholula",
        "entidad": "Puebla"
      },
      "geometry": {
        "type": "MultiPolygon",
        "coordinates": [
          [
            [
              [
                -98.30149185888845,
                19.07161307176323
              ],
              [
                -98.3006234625307,
                19.071201016063863
              ],
              [
                -98.3006031467295,
                19.07119161545971
              ],
              [
                -98.30026395613777,
                19.071034610814106
              ],
              [
                -98.30011796860732,
                19.070967246594094
              ],
              [
                -98.29913756279389,
                19.070516369429427
              ],
              [
                -98.2990663908214,
                19.070480479285745
              ],
              [
                -98.29902437230332,
                19.070463391321976
              ],
              [
                -98.29837200024764,
                19.07017927719122
              ],
              [
                -98.29765724687842,
                19.06986923897158
              ],
              [
                -98.29810947644988,
                19.068975494312646
              ],
              [
                -98.2985469327778,
                19.068110933428784
              ],
              [
                -98.29898608033787,
                19.067276144979484
              ],
              [
                -98.29941681198093,
                19.066413754787696
              ],
              [
                -98.29986783964384,
                19.06556625130188
              ],
              [
                -98.30029592530023,
                19.064713891521073
              ],
              [
                -98.30129943695705,
                19.065171428454114
              ],
              [
                -98.3016917193312,
                19.065350282132492
              ],
              [
                -98.30241334365277,
                19.065642161441986
              ],
              [
                -98.30267064902563,
                19.06574623397284
              ],
              [
                -98.30319636476268,
                19.065959378583102
              ],
              [
                -98.30366568784913,
                19.066174031323964
              ],
              [
                -98.30411543766385,
                19.06638872202209
              ],
              [
                -98.30460232174022,
                19.066613617165313
              ],
              [
                -98.30415410057284,
                19.067489808071837
              ],
              [
                -98.30371128747566,
                19.068346860362986
              ],
              [
                -98.30326096707905,
                19.06923568725232
              ],
              [
                -98.30282416177357,
                19.070082991503423
              ],
              [
                -98.30239901489354,
                19.070941474116424
              ],
              [
                -98.3019700008647,
                19.071804024768554
              ],
              [
                -98.30149185888845,
                19.07161307176323
              ]
            ]
          ]
        ]
      }
    },
    {
      "type": "Feature",
      "properties": {
        "clave_ine": "211805",
        "seccion": 1805,
        "municipio": "San Pedro Cholula",
        "entidad": "Puebla"
      },
      "geometry": {
        "type": "MultiPolygon",
        "coordinates": [
          [
            [
              [
                -98.30475831158526,
                19.069930321901758
              ],
              [
                -98.30326096707905,
                19.06923568725232
              ],
              [
                -98.30371128747566,
                19.068346860362986
              ],
              [
                -98.30415410057284,
                19.067489808071837
              ],
              [
                -98.30460232174022,
                19.066613617165313
              ],
              [
                -98.30501436446208,
                19.065806513704775
              ],
              [
                -98.30543897456344,
                19.064933206411002
              ],
              [
                -98.30695473038018,
                19.06563395503097
              ],
              [
                -98.30847050021916,
                19.06633469154854
              ],
              [
                -98.30804915735348,
                19.067161014535902
              ],
              [
                -98.30804007510578,
                19.06717882692627
              ],
              [
                -98.30766296087451,
                19.067918402287756
              ],
              [
                -98.30762781115274,
                19.06798733635897
              ],
              [
                -98.30760653310857,
                19.06802906480487
              ],
              [
                -98.30716804863074,
                19.06888898602697
              ],
              [
                -98.30671980479235,
                19.06974185201259
              ],
              [
                -98.30627155720751,
                19.07059471578525
              ],
              [
                -98.30475831158526,
                19.069930321901758
              ]
            ]
          ]
        ]
      }
    },
    {
      "type": "Feature",
      "properties": {
        "clave_ine": "211806",
        "seccion": 1806,
        "municipio": "San Pedro Cholula",
        "entidad": "Puebla"
      },
      "geometry": {
        "type": "MultiPolygon",
        "coordinates": [
          [
            [
              [
                -98.30835842435648,
                19.07155433085521
              ],
              [
                -98.30784076101597,
                19.071316293677437
              ],
              [
                -98.30627155720751,
                19.07059471578525
              ],
              [
                -98.30671980479235,
                19.06974185201259
              ],
              [
                -98.30716804863074,
                19.06888898602697
              ],
              [
                -98.30760653310857,
                19.06802906480487
              ],
              [
                -98.30762781115274,
                19.06798733635897
              ],
              [
                -98.30766296087451,
                19.067918402287756
              ],
              [
                -98.30804007510578,
                19.06717882692627
              ],
              [
                -98.30804915735348,
                19.067161014535902
              ],
              [
                -98.30847050021916,
                19.06633469154854
              ],
              [
                -98.3100277096082,
                19.06704659438139
              ],
              [
                -98.3100522996193,
                19.067057836338073
              ],
              [
                -98.31163411405322,
                19.067780967940855
              ],
              [
                -98.31120521401328,
                19.06863151035821
              ],
              [
                -98.31081538303067,
                19.06941993737765
              ],
              [
                -98.31032261768588,
                19.070317968127476
              ],
              [
                -98.3099153013325,
                19.07116673776995
              ],
              [
                -98.30976755028676,
                19.07145015301204
              ],
              [
                -98.30969986182558,
                19.071580001313265
              ],
              [
                -98.30945225640171,
                19.07205494429074
              ],
              [
                -98.30835842435648,
                19.07155433085521
              ]
            ]
          ]
        ]
      }
    },
    {
      "type": "Feature",
      "properties": {
        "clave_ine": "211807",
        "seccion": 1807,
        "municipio": "San Pedro Cholula",
        "entidad": "Puebla"
      },
      "geometry": {
        "type": "MultiPolygon",
        "coordinates": [
          [
            [
              [
                -98.31670550520484,
                19.072438763397926
              ],
              [
                -98.31654845615519,
                19.072505673230946
              ],
              [
                -98.31642971076326,
                19.072555325776474
              ],
              [
                -98.31635388693134,
                19.07257696057848
              ],
              [
                -98.31624678138715,
                19.072598479363727
              ],
              [
                -98.3158867930749,
                19.07233746121459
              ],
              [
                -98.31542404812848,
                19.072081974841147
              ],
              [
                -98.31539404533375,
                19.072069029869542
              ],
              [
                -98.31536994210252,
                19.072047532390602
              ],
              [
                -98.31535344255789,
                19.072036248858762
              ],
              [
                -98.31531346167677,
                19.071997154115973
              ],
              [
                -98.31526861382285,
                19.071970460082692
              ],
              [
                -98.3141016949984,
                19.071310739299527
              ],
              [
                -98.31421300024941,
                19.071108486249162
              ],
              [
                -98.31423184083187,
                19.07097876632759
              ],
              [
                -98.31246036615701,
                19.07017050556607
              ],
              [
                -98.31081538303067,
                19.06941993737765
              ],
              [
                -98.31120521401328,
                19.06863151035821
              ],
              [
                -98.31163411405322,
                19.067780967940855
              ],
              [
                -98.31199490146966,
                19.06702006507137
              ],
              [
                -98.31237239558624,
                19.0662982594011
              ],
              [
                -98.31238796780444,
                19.066268483253772
              ],
              [
                -98.31279020321922,
                19.065499362848062
              ],
              [
                -98.31316347163278,
                19.064709392482488
              ],
              [
                -98.31423733150532,
                19.065204061103653
              ],
              [
                -98.3144778028306,
                19.065313103804137
              ],
              [
                -98.31485693278917,
                19.065486957583733
              ],
              [
                -98.31670794123997,
                19.066320667607716
              ],
              [
                -98.31856568339848,
                19.067159296940012
              ],
              [
                -98.3183048563524,
                19.067709208484295
              ],
              [
                -98.3181942853206,
                19.0679426540671
              ],
              [
                -98.31779520166603,
                19.068749453173396
              ],
              [
                -98.31751891351674,
                19.069237948723497
              ],
              [
                -98.31734247505284,
                19.06954990294095
              ],
              [
                -98.31721765628792,
                19.069847762208376
              ],
              [
                -98.31719094795447,
                19.0700497538785
              ],
              [
                -98.31717432839477,
                19.070203558166938
              ],
              [
                -98.3171283494111,
                19.070583958653234
              ],
              [
                -98.31802157928072,
                19.07112509119485
              ],
              [
                -98.31811457467985,
                19.071182866800815
              ],
              [
                -98.31784801882915,
                19.071571953370057
              ],
              [
                -98.31759868930799,
                19.071923601058096
              ],
              [
                -98.31705500717264,
                19.07269822924339
              ],
              [
                -98.31670550520484,
                19.072438763397926
              ]
            ]
          ]
        ]
      }
    },
    {
      "type": "Feature",
      "properties": {
        "clave_ine": "211808",
        "seccion": 1808,
        "municipio": "San Pedro Cholula",
        "entidad": "Puebla"
      },
      "geometry": {
        "type": "MultiPolygon",
        "coordinates": [
          [
            [
              [
                -98.3100522996193,
                19.067057836338073
              ],
              [
                -98.3100277096082,
                19.06704659438139
              ],
              [
                -98.30847050021916,
                19.06633469154854
              ],
              [
                -98.30885077456539,
                19.06559794924204
              ],
              [
                -98.3088668558361,
                19.06556679263628
              ],
              [
                -98.30923104641568,
                19.06486120599076
              ],
              [
                -98.30964451441268,
                19.06406013702652
              ],
              [
                -98.31003312040458,
                19.063292507056552
              ],
              [
                -98.31158766988253,
                19.063999959118767
              ],
              [
                -98.31316347163278,
                19.064709392482488
              ],
              [
                -98.31279020321922,
                19.065499362848062
              ],
              [
                -98.31238796780444,
                19.066268483253772
              ],
              [
                -98.31237239558624,
                19.0662982594011
              ],
              [
                -98.31199490146966,
                19.06702006507137
              ],
              [
                -98.31163411405322,
                19.067780967940855
              ],
              [
                -98.3100522996193,
                19.067057836338073
              ]
            ]
          ]
        ]
      }
    },
    {
      "type": "Feature",
      "properties": {
        "clave_ine": "211809",
        "seccion": 1809,
        "municipio": "San Pedro Cholula",
        "entidad": "Puebla"
      },
      "geometry": {
        "type": "MultiPolygon",
        "coordinates": [
          [
            [
              [
                -98.30695473038018,
                19.06563395503097
              ],
              [
                -98.30543897456344,
                19.064933206411002
              ],
              [
                -98.3058117927799,
                19.064188770879536
              ],
              [
                -98.30621712561044,
                19.06337939955009
              ],
              [
                -98.30674326984405,
                19.063633134804046
              ],
              [
                -98.30676136322968,
                19.06359331845988
              ],
              [
                -98.30750820172518,
                19.06214969191173
              ],
              [
                -98.30752213186487,
                19.062123855610764
              ],
              [
                -98.30849864655711,
                19.062585354225487
              ],
              [
                -98.31003312040458,
                19.063292507056552
              ],
              [
                -98.30964451441268,
                19.06406013702652
              ],
              [
                -98.30923104641568,
                19.06486120599076
              ],
              [
                -98.3088668558361,
                19.06556679263628
              ],
              [
                -98.30885077456539,
                19.06559794924204
              ],
              [
                -98.30847050021916,
                19.06633469154854
              ],
              [
                -98.30695473038018,
                19.06563395503097
              ]
            ]
          ]
        ]
      }
    },
    {
      "type": "Feature",
      "properties": {
        "clave_ine": "211810",
        "seccion": 1810,
        "municipio": "San Pedro Cholula",
        "entidad": "Puebla"
      },
      "geometry": {
        "type": "MultiPolygon",
        "coordinates": [
          [
            [
              [
                -98.30411543766385,
                19.06638872202209
              ],
              [
                -98.30366568784913,
                19.066174031323964
              ],
              [
                -98.30319636476268,
                19.065959378583102
              ],
              [
                -98.30267064902563,
                19.06574623397284
              ],
              [
                -98.30241334365277,
                19.065642161441986
              ],
              [
                -98.3016917193312,
                19.065350282132492
              ],
              [
                -98.30207258138502,
                19.064497066803646
              ],
              [
                -98.30252516043606,
                19.063604081010126
              ],
              [
                -98.30291223123216,
                19.062857390998314
              ],
              [
                -98.3032974493567,
                19.06210946759103
              ],
              [
                -98.30369449073709,
                19.061338580298404
              ],
              [
                -98.30228972216975,
                19.06070128934119
              ],
              [
                -98.30268159123409,
                19.059931149129294
              ],
              [
                -98.30409628931262,
                19.06057489532498
              ],
              [
                -98.30548903847118,
                19.061199203495462
              ],
              [
                -98.30700020417427,
                19.061890042692408
              ],
              [
                -98.30752213186487,
                19.062123855610764
              ],
              [
                -98.30750820172518,
                19.06214969191173
              ],
              [
                -98.30676136322968,
                19.06359331845988
              ],
              [
                -98.30674326984405,
                19.063633134804046
              ],
              [
                -98.30621712561044,
                19.06337939955009
              ],
              [
                -98.3058117927799,
                19.064188770879536
              ],
              [
                -98.30543897456344,
                19.064933206411002
              ],
              [
                -98.30501436446208,
                19.065806513704775
              ],
              [
                -98.30460232174022,
                19.066613617165313
              ],
              [
                -98.30411543766385,
                19.06638872202209
              ]
            ]
          ]
        ]
      }
    },
    {
      "type": "Feature",
      "properties": {
        "clave_ine": "211811",
        "seccion": 1811,
        "municipio": "San Pedro Cholula",
        "entidad": "Puebla"
      },
      "geometry": {
        "type": "MultiPolygon",
        "coordinates": [
          [
            [
              [
                -98.30129943695705,
                19.065171428454114
              ],
              [
                -98.30029592530023,
                19.064713891521073
              ],
              [
                -98.29875227728972,
                19.0640156038574
              ],
              [
                -98.29918687762394,
                19.063155083718957
              ],
              [
                -98.29962406674002,
                19.062289428266975
              ],
              [
                -98.30000294742933,
                19.061539216993488
              ],
              [
                -98.30028718750144,
                19.060976416796432
              ],
              [
                -98.30056250305799,
                19.06085317085775
              ],
              [
                -98.30189762729955,
                19.06146817615474
              ],
              [
                -98.30228972216975,
                19.06070128934119
              ],
              [
                -98.30369449073709,
                19.061338580298404
              ],
              [
                -98.3032974493567,
                19.06210946759103
              ],
              [
                -98.30291223123216,
                19.062857390998314
              ],
              [
                -98.30252516043606,
                19.063604081010126
              ],
              [
                -98.30207258138502,
                19.064497066803646
              ],
              [
                -98.3016917193312,
                19.065350282132492
              ],
              [
                -98.30129943695705,
                19.065171428454114
              ]
            ]
          ]
        ]
      }
    },
    {
      "type": "Feature",
      "properties": {
        "clave_ine": "211812",
        "seccion": 1812,
        "municipio": "San Pedro Cholula",
        "entidad": "Puebla"
      },
      "geometry": {
        "type": "MultiPolygon",
        "coordinates": [
          [
            [
              [
                -98.28814881981303,
                19.06533669011457
              ],
              [
                -98.28798871912365,
                19.065334068701006
              ],
              [
                -98.28801575567124,
                19.065231981874646
              ],
              [
                -98.28705976473103,
                19.065068854905775
              ],
              [
                -98.28699555194926,
                19.0650578977967
              ],
              [
                -98.28657308752167,
                19.064985808719598
              ],
              [
                -98.28616869591495,
                19.064917052809555
              ],
              [
                -98.28612801177522,
                19.064910394105933
              ],
              [
                -98.2859169444792,
                19.06487498329227
              ],
              [
                -98.28464963617049,
                19.064658276016473
              ],
              [
                -98.28457147131674,
                19.0646449098123
              ],
              [
                -98.28399888963611,
                19.064546995738194
              ],
              [
                -98.28392478499428,
                19.06453432370531
              ],
              [
                -98.28181784098305,
                19.06417401121225
              ],
              [
                -98.28078181288869,
                19.063998058437743
              ],
              [
                -98.28075273720371,
                19.06399438176579
              ],
              [
                -98.28236156652721,
                19.061490638305667
              ],
              [
                -98.28300131033379,
                19.060500525930003
              ],
              [
                -98.28330096227714,
                19.06063773867088
              ],
              [
                -98.2835735956089,
                19.06062491295175
              ],
              [
                -98.2838321248146,
                19.060496323277967
              ],
              [
                -98.28413539238423,
                19.06015037644753
              ],
              [
                -98.28432198945274,
                19.060043224832466
              ],
              [
                -98.28448835615949,
                19.060010940791624
              ],
              [
                -98.28633093716113,
                19.059958804609742
              ],
              [
                -98.28560449298952,
                19.05977158921206
              ],
              [
                -98.28422260677705,
                19.05975682422616
              ],
              [
                -98.28385836719575,
                19.059752930193863
              ],
              [
                -98.28385657798316,
                19.05978250609248
              ],
              [
                -98.28383440489893,
                19.060148957185703
              ],
              [
                -98.28377353040791,
                19.06025039694178
              ],
              [
                -98.2837434430035,
                19.060300535278305
              ],
              [
                -98.28352757823627,
                19.06041859966591
              ],
              [
                -98.28329129873175,
                19.06043749847658
              ],
              [
                -98.28313244468801,
                19.060343638698516
              ],
              [
                -98.2829956660477,
                19.06026675846724
              ],
              [
                -98.28268910903783,
                19.05998662160521
              ],
              [
                -98.28251656367691,
                19.05988583268711
              ],
              [
                -98.28230953886155,
                19.059798317796243
              ],
              [
                -98.28216878495964,
                19.059761549695192
              ],
              [
                -98.27962633212549,
                19.059759130832465
              ],
              [
                -98.27954371039185,
                19.05975905133736
              ],
              [
                -98.27955048422884,
                19.059692731295485
              ],
              [
                -98.2796233450753,
                19.059691988261175
              ],
              [
                -98.28299130446314,
                19.05965759441853
              ],
              [
                -98.28387312188113,
                19.059648715957962
              ],
              [
                -98.28466039370743,
                19.05965420260414
              ],
              [
                -98.29262044581955,
                19.059637270465764
              ],
              [
                -98.29468383622579,
                19.059588487988663
              ],
              [
                -98.2948477571413,
                19.05958456886211
              ],
              [
                -98.29505234200802,
                19.059616393901564
              ],
              [
                -98.29520746251715,
                19.059570113833118
              ],
              [
                -98.2953486586579,
                19.059448669615822
              ],
              [
                -98.29541500026689,
                19.059303338205567
              ],
              [
                -98.29560898972196,
                19.058879819253285
              ],
              [
                -98.29571273165786,
                19.058673291250553
              ],
              [
                -98.29610916718477,
                19.057884073155915
              ],
              [
                -98.29631202469304,
                19.057463558525562
              ],
              [
                -98.29650678627259,
                19.05705982536386
              ],
              [
                -98.29734918629038,
                19.05746213635601
              ],
              [
                -98.29800163425607,
                19.057773726084733
              ],
              [
                -98.29956104506897,
                19.058559884822888
              ],
              [
                -98.30045477188587,
                19.058982711189845
              ],
              [
                -98.30069936541999,
                19.059073230281893
              ],
              [
                -98.30113206001232,
                19.059245093272228
              ],
              [
                -98.30124485996366,
                19.059308234303796
              ],
              [
                -98.30243493924743,
                19.05986207437532
              ],
              [
                -98.30256275819526,
                19.059882530452775
              ],
              [
                -98.30268159123409,
                19.059931149129294
              ],
              [
                -98.30228972216975,
                19.06070128934119
              ],
              [
                -98.30189762729955,
                19.06146817615474
              ],
              [
                -98.30056250305799,
                19.06085317085775
              ],
              [
                -98.30028718750144,
                19.060976416796432
              ],
              [
                -98.30000294742933,
                19.061539216993488
              ],
              [
                -98.29962406674002,
                19.062289428266975
              ],
              [
                -98.29918687762394,
                19.063155083718957
              ],
              [
                -98.29875227728972,
                19.0640156038574
              ],
              [
                -98.29821646405391,
                19.063771497100504
              ],
              [
                -98.29722366186391,
                19.063312847732682
              ],
              [
                -98.29709686092188,
                19.063569552864678
              ],
              [
                -98.29694963552066,
                19.063869858092087
              ],
              [
                -98.2968024095742,
                19.064170163175252
              ],
              [
                -98.29596758810214,
                19.063792525715254
              ],
              [
                -98.29526319115247,
                19.063473881689372
              ],
              [
                -98.29513009831356,
                19.063413667922926
              ],
              [
                -98.29359944758771,
                19.062698622054707
              ],
              [
                -98.29270705501823,
                19.062277572389608
              ],
              [
                -98.29239329274034,
                19.062130453845104
              ],
              [
                -98.29236688845563,
                19.062094122017168
              ],
              [
                -98.29220769382468,
                19.061875076108173
              ],
              [
                -98.29218353033365,
                19.06188608907269
              ],
              [
                -98.29144411358976,
                19.062821148538088
              ],
              [
                -98.29132238301428,
                19.062754241282498
              ],
              [
                -98.28961597328856,
                19.06517426911373
              ],
              [
                -98.28955729112774,
                19.065182654545204
              ],
              [
                -98.28941448004271,
                19.06526742889467
              ],
              [
                -98.28946219330308,
                19.06518609287573
              ],
              [
                -98.2884204806138,
                19.065361775951466
              ],
              [
                -98.28814881981303,
                19.06533669011457
              ]
            ]
          ]
        ]
      }
    },
    {
      "type": "Feature",
      "properties": {
        "clave_ine": "211813",
        "seccion": 1813,
        "municipio": "San Pedro Cholula",
        "entidad": "Puebla"
      },
      "geometry": {
        "type": "MultiPolygon",
        "coordinates": [
          [
            [
              [
                -98.30548903847118,
                19.061199203495462
              ],
              [
                -98.30409628931262,
                19.06057489532498
              ],
              [
                -98.30268159123409,
                19.059931149129294
              ],
              [
                -98.30256275819526,
                19.059882530452775
              ],
              [
                -98.30243493924743,
                19.05986207437532
              ],
              [
                -98.30124485996366,
                19.059308234303796
              ],
              [
                -98.30113206001232,
                19.059245093272228
              ],
              [
                -98.30069936541999,
                19.059073230281893
              ],
              [
                -98.30045477188587,
                19.058982711189845
              ],
              [
                -98.30036938719765,
                19.05877758159173
              ],
              [
                -98.30038380087147,
                19.05863277251601
              ],
              [
                -98.30161704049091,
                19.056374586573334
              ],
              [
                -98.30195494682913,
                19.056534512239484
              ],
              [
                -98.30221174850142,
                19.056914269863913
              ],
              [
                -98.30230850365564,
                19.056947907590295
              ],
              [
                -98.30235879567992,
                19.05699010035893
              ],
              [
                -98.30281652821678,
                19.057048551626735
              ],
              [
                -98.3039157836441,
                19.05748251952332
              ],
              [
                -98.30398574192209,
                19.057466117183044
              ],
              [
                -98.30473852045505,
                19.057807665580725
              ],
              [
                -98.30535449214912,
                19.05808727444827
              ],
              [
                -98.30669472903463,
                19.058696866466587
              ],
              [
                -98.30826411072378,
                19.05940376753019
              ],
              [
                -98.3078361122114,
                19.060243965215296
              ],
              [
                -98.30740506710224,
                19.061094210378684
              ],
              [
                -98.30700020417427,
                19.061890042692408
              ],
              [
                -98.30548903847118,
                19.061199203495462
              ]
            ]
          ]
        ]
      }
    },
    {
      "type": "Feature",
      "properties": {
        "clave_ine": "211814",
        "seccion": 1814,
        "municipio": "San Pedro Cholula",
        "entidad": "Puebla"
      },
      "geometry": {
        "type": "MultiPolygon",
        "coordinates": [
          [
            [
              [
                -98.30669472903463,
                19.058696866466587
              ],
              [
                -98.30535449214912,
                19.05808727444827
              ],
              [
                -98.30473852045505,
                19.057807665580725
              ],
              [
                -98.30398574192209,
                19.057466117183044
              ],
              [
                -98.3039157836441,
                19.05748251952332
              ],
              [
                -98.30281652821678,
                19.057048551626735
              ],
              [
                -98.30235879567992,
                19.05699010035893
              ],
              [
                -98.30230850365564,
                19.056947907590295
              ],
              [
                -98.30289159191,
                19.055854470274053
              ],
              [
                -98.30334337468808,
                19.054983090092716
              ],
              [
                -98.30379676674549,
                19.05406058724389
              ],
              [
                -98.30533780034449,
                19.054766211243916
              ],
              [
                -98.30668726499718,
                19.055394959135537
              ],
              [
                -98.30750853459331,
                19.05576985010195
              ],
              [
                -98.30808031486946,
                19.05604141540583
              ],
              [
                -98.30887052135927,
                19.056404724932666
              ],
              [
                -98.30960538059361,
                19.056742583448116
              ],
              [
                -98.30915076510696,
                19.05762110919477
              ],
              [
                -98.30872331919308,
                19.058488450756656
              ],
              [
                -98.30826411072378,
                19.05940376753019
              ],
              [
                -98.30669472903463,
                19.058696866466587
              ]
            ]
          ]
        ]
      }
    },
    {
      "type": "Feature",
      "properties": {
        "clave_ine": "211815",
        "seccion": 1815,
        "municipio": "San Pedro Cholula",
        "entidad": "Puebla"
      },
      "geometry": {
        "type": "MultiPolygon",
        "coordinates": [
          [
            [
              [
                -98.30849864655711,
                19.062585354225487
              ],
              [
                -98.30752213186487,
                19.062123855610764
              ],
              [
                -98.30700020417427,
                19.061890042692408
              ],
              [
                -98.30740506710224,
                19.061094210378684
              ],
              [
                -98.3078361122114,
                19.060243965215296
              ],
              [
                -98.30826411072378,
                19.05940376753019
              ],
              [
                -98.30872331919308,
                19.058488450756656
              ],
              [
                -98.30915076510696,
                19.05762110919477
              ],
              [
                -98.30960538059361,
                19.056742583448116
              ],
              [
                -98.31110125887743,
                19.05743494465812
              ],
              [
                -98.31265808567984,
                19.05815170257993
              ],
              [
                -98.31222056396338,
                19.059007984431336
              ],
              [
                -98.31177103442074,
                19.059879831862766
              ],
              [
                -98.31131291116496,
                19.060787368700154
              ],
              [
                -98.31088040430161,
                19.061632971858973
              ],
              [
                -98.31044377591832,
                19.062488181111974
              ],
              [
                -98.31003312040458,
                19.063292507056552
              ],
              [
                -98.30849864655711,
                19.062585354225487
              ]
            ]
          ]
        ]
      }
    },
    {
      "type": "Feature",
      "properties": {
        "clave_ine": "211816",
        "seccion": 1816,
        "municipio": "San Pedro Cholula",
        "entidad": "Puebla"
      },
      "geometry": {
        "type": "MultiPolygon",
        "coordinates": [
          [
            [
              [
                -98.3144778028306,
                19.065313103804137
              ],
              [
                -98.31423733150532,
                19.065204061103653
              ],
              [
                -98.31316347163278,
                19.064709392482488
              ],
              [
                -98.31158766988253,
                19.063999959118767
              ],
              [
                -98.31003312040458,
                19.063292507056552
              ],
              [
                -98.31044377591832,
                19.062488181111974
              ],
              [
                -98.31088040430161,
                19.061632971858973
              ],
              [
                -98.31131291116496,
                19.060787368700154
              ],
              [
                -98.31177103442074,
                19.059879831862766
              ],
              [
                -98.31222056396338,
                19.059007984431336
              ],
              [
                -98.31265808567984,
                19.05815170257993
              ],
              [
                -98.3142199852166,
                19.05887491541841
              ],
              [
                -98.31530897865271,
                19.059375210208746
              ],
              [
                -98.31578193831791,
                19.059588442219493
              ],
              [
                -98.31534783722647,
                19.060431592665577
              ],
              [
                -98.31490681811441,
                19.061306958821426
              ],
              [
                -98.31468364922341,
                19.061735664923244
              ],
              [
                -98.31462976387067,
                19.061845202424326
              ],
              [
                -98.31444532966738,
                19.062211266725296
              ],
              [
                -98.31401295090814,
                19.0630447464958
              ],
              [
                -98.31509863305997,
                19.06353682322069
              ],
              [
                -98.315709525714,
                19.063816026201
              ],
              [
                -98.31525745082111,
                19.064690525681506
              ],
              [
                -98.31485693278917,
                19.065486957583733
              ],
              [
                -98.3144778028306,
                19.065313103804137
              ]
            ]
          ]
        ]
      }
    },
    {
      "type": "Feature",
      "properties": {
        "clave_ine": "211817",
        "seccion": 1817,
        "municipio": "San Pedro Cholula",
        "entidad": "Puebla"
      },
      "geometry": {
        "type": "MultiPolygon",
        "coordinates": [
          [
            [
              [
                -98.31670794123997,
                19.066320667607716
              ],
              [
                -98.31485693278917,
                19.065486957583733
              ],
              [
                -98.31525745082111,
                19.064690525681506
              ],
              [
                -98.315709525714,
                19.063816026201
              ],
              [
                -98.31509863305997,
                19.06353682322069
              ],
              [
                -98.31401295090814,
                19.0630447464958
              ],
              [
                -98.31444532966738,
                19.062211266725296
              ],
              [
                -98.31462976387067,
                19.061845202424326
              ],
              [
                -98.31468364922341,
                19.061735664923244
              ],
              [
                -98.31490681811441,
                19.061306958821426
              ],
              [
                -98.31534783722647,
                19.060431592665577
              ],
              [
                -98.31578193831791,
                19.059588442219493
              ],
              [
                -98.31746061220372,
                19.060370098538257
              ],
              [
                -98.31848443631606,
                19.060839790910496
              ],
              [
                -98.31860121010025,
                19.060891810610507
              ],
              [
                -98.31930544548388,
                19.061213135819404
              ],
              [
                -98.32233098233739,
                19.062614415425802
              ],
              [
                -98.32140007929753,
                19.06301009106943
              ],
              [
                -98.32120663823777,
                19.063092312192506
              ],
              [
                -98.32086679816749,
                19.063239642594148
              ],
              [
                -98.32057056228345,
                19.063391143619505
              ],
              [
                -98.32044048709461,
                19.06352987051658
              ],
              [
                -98.3203171539179,
                19.06376774761152
              ],
              [
                -98.31992691370134,
                19.06451890352604
              ],
              [
                -98.3198540441185,
                19.06465916568008
              ],
              [
                -98.31979128780443,
                19.064803668254893
              ],
              [
                -98.31942506219171,
                19.06549589545658
              ],
              [
                -98.31895855240099,
                19.066387298305568
              ],
              [
                -98.31892646956234,
                19.066471689529095
              ],
              [
                -98.31875759539446,
                19.066774178882387
              ],
              [
                -98.31856568339848,
                19.067159296940012
              ],
              [
                -98.31670794123997,
                19.066320667607716
              ]
            ]
          ]
        ]
      }
    },
    {
      "type": "Feature",
      "properties": {
        "clave_ine": "211818",
        "seccion": 1818,
        "municipio": "San Pedro Cholula",
        "entidad": "Puebla"
      },
      "geometry": {
        "type": "MultiPolygon",
        "coordinates": [
          [
            [
              [
                -98.31930544548388,
                19.061213135819404
              ],
              [
                -98.31860121010025,
                19.060891810610507
              ],
              [
                -98.31848443631606,
                19.060839790910496
              ],
              [
                -98.31746061220372,
                19.060370098538257
              ],
              [
                -98.31578193831791,
                19.059588442219493
              ],
              [
                -98.31530897865271,
                19.059375210208746
              ],
              [
                -98.3142199852166,
                19.05887491541841
              ],
              [
                -98.31265808567984,
                19.05815170257993
              ],
              [
                -98.31110125887743,
                19.05743494465812
              ],
              [
                -98.30960538059361,
                19.056742583448116
              ],
              [
                -98.31013021329301,
                19.055691820273324
              ],
              [
                -98.31055927412349,
                19.054840603034997
              ],
              [
                -98.31097204516809,
                19.054019928880134
              ],
              [
                -98.31122271194391,
                19.05352039990199
              ],
              [
                -98.31142475871292,
                19.053109224863753
              ],
              [
                -98.31188056536512,
                19.052228945465025
              ],
              [
                -98.31233771876225,
                19.052446083307878
              ],
              [
                -98.3126098345441,
                19.05257228904813
              ],
              [
                -98.31288466459036,
                19.052705285955934
              ],
              [
                -98.31312008530448,
                19.052817269999977
              ],
              [
                -98.31337361388881,
                19.05292827823274
              ],
              [
                -98.31395452843641,
                19.053193892181046
              ],
              [
                -98.31435520464954,
                19.053377094097414
              ],
              [
                -98.31492465053947,
                19.0536695451849
              ],
              [
                -98.31650337523432,
                19.054403156246433
              ],
              [
                -98.31806430580313,
                19.055128649851937
              ],
              [
                -98.31816888930709,
                19.05492840757353
              ],
              [
                -98.31850361869014,
                19.054271845082706
              ],
              [
                -98.31913907485418,
                19.054559699527736
              ],
              [
                -98.31921328569481,
                19.054558836420895
              ],
              [
                -98.31927171444016,
                19.05452026459323
              ],
              [
                -98.31962058876331,
                19.05387186290005
              ],
              [
                -98.3200363145256,
                19.053085485636917
              ],
              [
                -98.32013399913728,
                19.052994959977976
              ],
              [
                -98.32018089816921,
                19.05295149784796
              ],
              [
                -98.3222389964831,
                19.05246249815657
              ],
              [
                -98.32395926911009,
                19.0520730293104
              ],
              [
                -98.32592012030061,
                19.05157313779148
              ],
              [
                -98.32625562029611,
                19.051382485250688
              ],
              [
                -98.32671350857146,
                19.0506829569806
              ],
              [
                -98.32680818676327,
                19.050702765590493
              ],
              [
                -98.32862727448673,
                19.05155578089175
              ],
              [
                -98.32889312193748,
                19.051682448921465
              ],
              [
                -98.32894293086248,
                19.051745446299954
              ],
              [
                -98.32845169620684,
                19.052627870049903
              ],
              [
                -98.32840343840803,
                19.05271455766796
              ],
              [
                -98.32843521844863,
                19.05280295262976
              ],
              [
                -98.32775211411365,
                19.053965074980496
              ],
              [
                -98.32678620262496,
                19.05353373873213
              ],
              [
                -98.32680241248556,
                19.053941241796196
              ],
              [
                -98.32661208493867,
                19.05432864556997
              ],
              [
                -98.32658285263587,
                19.054388147872572
              ],
              [
                -98.32652110692494,
                19.054513829777243
              ],
              [
                -98.32640278404116,
                19.054754669651828
              ],
              [
                -98.32640038025113,
                19.05479758999289
              ],
              [
                -98.32795164800241,
                19.055600494641986
              ],
              [
                -98.32759682964924,
                19.055680938588566
              ],
              [
                -98.32794599343696,
                19.055877472298633
              ],
              [
                -98.32791808101528,
                19.055934710389543
              ],
              [
                -98.32772362978727,
                19.056333454478086
              ],
              [
                -98.32769066985377,
                19.056395842478807
              ],
              [
                -98.32744480427736,
                19.056926140480737
              ],
              [
                -98.32758106575504,
                19.056984852476063
              ],
              [
                -98.32761821290116,
                19.057000857947475
              ],
              [
                -98.32766113517094,
                19.057018146037223
              ],
              [
                -98.32789060794975,
                19.05711921375598
              ],
              [
                -98.32796419747174,
                19.057151624155633
              ],
              [
                -98.32823557330838,
                19.05727114606378
              ],
              [
                -98.32829882485416,
                19.057299003744806
              ],
              [
                -98.32847788795519,
                19.057377786930463
              ],
              [
                -98.32858474830607,
                19.057424806499245
              ],
              [
                -98.32862273723714,
                19.057337239289843
              ],
              [
                -98.32864785243801,
                19.05727934838357
              ],
              [
                -98.32867027053175,
                19.057227803480583
              ],
              [
                -98.3287414405107,
                19.057060606912668
              ],
              [
                -98.32967516398841,
                19.05750491405587
              ],
              [
                -98.32972926189207,
                19.05752916742913
              ],
              [
                -98.32979469436908,
                19.057560483811407
              ],
              [
                -98.33025894698523,
                19.057782670170344
              ],
              [
                -98.33032952152168,
                19.05764013135122
              ],
              [
                -98.33036569209862,
                19.05756662166471
              ],
              [
                -98.33041690879018,
                19.057462452035413
              ],
              [
                -98.33316130150986,
                19.058438829256655
              ],
              [
                -98.3339436013828,
                19.058723310880087
              ],
              [
                -98.33439284811917,
                19.057834511008974
              ],
              [
                -98.33503533029878,
                19.058162172793832
              ],
              [
                -98.33506792179618,
                19.058191645603276
              ],
              [
                -98.33499876962404,
                19.05831328401623
              ],
              [
                -98.33474902996979,
                19.05875257869049
              ],
              [
                -98.33409024413841,
                19.059911377860775
              ],
              [
                -98.33367451303754,
                19.059976365976507
              ],
              [
                -98.33285724085101,
                19.06010412145171
              ],
              [
                -98.3325102462804,
                19.060160583085676
              ],
              [
                -98.33236662178321,
                19.060244971002767
              ],
              [
                -98.3313709803766,
                19.0624063251516
              ],
              [
                -98.3313725247314,
                19.062549318144246
              ],
              [
                -98.33079708178825,
                19.062386118562582
              ],
              [
                -98.33074452894226,
                19.062376917001952
              ],
              [
                -98.33092587698634,
                19.061768743739144
              ],
              [
                -98.33134577358487,
                19.060400570155878
              ],
              [
                -98.32985306381765,
                19.060711111837247
              ],
              [
                -98.32955362044598,
                19.060773406835857
              ],
              [
                -98.32909610385317,
                19.060868584802073
              ],
              [
                -98.3289313553984,
                19.060900914270086
              ],
              [
                -98.32877362288868,
                19.06124903203112
              ],
              [
                -98.32840509489719,
                19.062040143646374
              ],
              [
                -98.32826868793191,
                19.062323048832614
              ],
              [
                -98.32820958037343,
                19.062305545578212
              ],
              [
                -98.32657948037857,
                19.061822823553406
              ],
              [
                -98.3264834230062,
                19.061430290343104
              ],
              [
                -98.32647315588426,
                19.06138833322537
              ],
              [
                -98.32555647581425,
                19.061566346189153
              ],
              [
                -98.32516195572605,
                19.061650875591678
              ],
              [
                -98.32486127162448,
                19.06171529923125
              ],
              [
                -98.32469247839332,
                19.06175142102127
              ],
              [
                -98.32456837324068,
                19.06177805370458
              ],
              [
                -98.3243781277493,
                19.061818692045662
              ],
              [
                -98.32412260066214,
                19.06189570496944
              ],
              [
                -98.3240452913248,
                19.061919005026322
              ],
              [
                -98.32400407070865,
                19.061931428255875
              ],
              [
                -98.32382724201881,
                19.06198472197081
              ],
              [
                -98.32273683400585,
                19.062428544476685
              ],
              [
                -98.32233098233739,
                19.062614415425802
              ],
              [
                -98.31930544548388,
                19.061213135819404
              ]
            ]
          ]
        ]
      }
    },
    {
      "type": "Feature",
      "properties": {
        "clave_ine": "211819",
        "seccion": 1819,
        "municipio": "San Pedro Cholula",
        "entidad": "Puebla"
      },
      "geometry": {
        "type": "MultiPolygon",
        "coordinates": [
          [
            [
              [
                -98.30887052135927,
                19.056404724932666
              ],
              [
                -98.30808031486946,
                19.05604141540583
              ],
              [
                -98.30750853459331,
                19.05576985010195
              ],
              [
                -98.30668726499718,
                19.055394959135537
              ],
              [
                -98.30533780034449,
                19.054766211243916
              ],
              [
                -98.30379676674549,
                19.05406058724389
              ],
              [
                -98.30381552964866,
                19.05402215453378
              ],
              [
                -98.30430163577579,
                19.05302641217695
              ],
              [
                -98.30474797716342,
                19.052159221366235
              ],
              [
                -98.30516204889035,
                19.05136469990013
              ],
              [
                -98.30518583816058,
                19.051319053545
              ],
              [
                -98.30562017496126,
                19.05048563550638
              ],
              [
                -98.3056335112578,
                19.050460045583495
              ],
              [
                -98.30634028971812,
                19.05078265101383
              ],
              [
                -98.30714744833386,
                19.051151070122327
              ],
              [
                -98.30778325300348,
                19.051442386560897
              ],
              [
                -98.30849725625619,
                19.051769528676612
              ],
              [
                -98.30988676872734,
                19.052407859499237
              ],
              [
                -98.31142475871292,
                19.053109224863753
              ],
              [
                -98.31122271194391,
                19.05352039990199
              ],
              [
                -98.31097204516809,
                19.054019928880134
              ],
              [
                -98.31055927412349,
                19.054840603034997
              ],
              [
                -98.31013021329301,
                19.055691820273324
              ],
              [
                -98.30960538059361,
                19.056742583448116
              ],
              [
                -98.30887052135927,
                19.056404724932666
              ]
            ]
          ]
        ]
      }
    },
    {
      "type": "Feature",
      "properties": {
        "clave_ine": "211820",
        "seccion": 1820,
        "municipio": "San Pedro Cholula",
        "entidad": "Puebla"
      },
      "geometry": {
        "type": "MultiPolygon",
        "coordinates": [
          [
            [
              [
                -98.31650337523432,
                19.054403156246433
              ],
              [
                -98.31492465053947,
                19.0536695451849
              ],
              [
                -98.31435520464954,
                19.053377094097414
              ],
              [
                -98.31395452843641,
                19.053193892181046
              ],
              [
                -98.31337361388881,
                19.05292827823274
              ],
              [
                -98.31312008530448,
                19.052817269999977
              ],
              [
                -98.31288466459036,
                19.052705285955934
              ],
              [
                -98.3126098345441,
                19.05257228904813
              ],
              [
                -98.31233771876225,
                19.052446083307878
              ],
              [
                -98.31188056536512,
                19.052228945465025
              ],
              [
                -98.31142475871292,
                19.053109224863753
              ],
              [
                -98.30988676872734,
                19.052407859499237
              ],
              [
                -98.30849725625619,
                19.051769528676612
              ],
              [
                -98.30778325300348,
                19.051442386560897
              ],
              [
                -98.30714744833386,
                19.051151070122327
              ],
              [
                -98.30634028971812,
                19.05078265101383
              ],
              [
                -98.3056335112578,
                19.050460045583495
              ],
              [
                -98.30608856835006,
                19.04956405530347
              ],
              [
                -98.30652469257582,
                19.04870532939322
              ],
              [
                -98.30694847357029,
                19.047873711538205
              ],
              [
                -98.3073803932046,
                19.047020433068376
              ],
              [
                -98.30886516719701,
                19.04770592406668
              ],
              [
                -98.30986311505724,
                19.04816664738671
              ],
              [
                -98.31021692794461,
                19.048329990841903
              ],
              [
                -98.31036304426921,
                19.048399774644054
              ],
              [
                -98.31160740119778,
                19.048994064101247
              ],
              [
                -98.31166140440678,
                19.048970806916895
              ],
              [
                -98.31213890010379,
                19.04860912909254
              ],
              [
                -98.31226683170202,
                19.04843072222405
              ],
              [
                -98.31256267188347,
                19.048041850556547
              ],
              [
                -98.31289709995023,
                19.047594581299524
              ],
              [
                -98.31305408597572,
                19.04739503838638
              ],
              [
                -98.31322847923356,
                19.04715336664642
              ],
              [
                -98.31340847517083,
                19.046901288522015
              ],
              [
                -98.31368928997878,
                19.04650801661845
              ],
              [
                -98.31386200571261,
                19.046306403169588
              ],
              [
                -98.31393083050448,
                19.04622683218674
              ],
              [
                -98.31399883183919,
                19.046130938871197
              ],
              [
                -98.3140535215558,
                19.04615771122677
              ],
              [
                -98.31546110624305,
                19.046893524206368
              ],
              [
                -98.31550377431257,
                19.04691831581526
              ],
              [
                -98.3151742983733,
                19.04714104121466
              ],
              [
                -98.31575222825099,
                19.047508208218286
              ],
              [
                -98.31657082282251,
                19.048028265475
              ],
              [
                -98.31610461314854,
                19.048390122525934
              ],
              [
                -98.31612737420906,
                19.048407193936256
              ],
              [
                -98.31711022560702,
                19.049144353518283
              ],
              [
                -98.31748527632098,
                19.04887341840127
              ],
              [
                -98.31750168666433,
                19.04885138509763
              ],
              [
                -98.31721863678294,
                19.04854779969977
              ],
              [
                -98.31724645380815,
                19.04853419867825
              ],
              [
                -98.31834557936982,
                19.047970831621097
              ],
              [
                -98.31957724659647,
                19.04738651024804
              ],
              [
                -98.31960483116407,
                19.04737342402244
              ],
              [
                -98.31963241573114,
                19.047360336888858
              ],
              [
                -98.32012069230667,
                19.047128687522452
              ],
              [
                -98.32015878488288,
                19.04710247280172
              ],
              [
                -98.32072792950265,
                19.04754187209208
              ],
              [
                -98.32077576081332,
                19.047620613325815
              ],
              [
                -98.3202348111029,
                19.047862532746187
              ],
              [
                -98.31967959397036,
                19.048110830586026
              ],
              [
                -98.31969837722166,
                19.04815216155219
              ],
              [
                -98.32193998874018,
                19.050569755154886
              ],
              [
                -98.32197121904696,
                19.050622922374185
              ],
              [
                -98.32319343990443,
                19.05017177975152
              ],
              [
                -98.32463045108125,
                19.04964440842896
              ],
              [
                -98.32462351738927,
                19.04971438926496
              ],
              [
                -98.32668553466975,
                19.05066109079398
              ],
              [
                -98.32671350857146,
                19.0506829569806
              ],
              [
                -98.32625562029611,
                19.051382485250688
              ],
              [
                -98.32592012030061,
                19.05157313779148
              ],
              [
                -98.32395926911009,
                19.0520730293104
              ],
              [
                -98.3222389964831,
                19.05246249815657
              ],
              [
                -98.32018089816921,
                19.05295149784796
              ],
              [
                -98.32013399913728,
                19.052994959977976
              ],
              [
                -98.3200363145256,
                19.053085485636917
              ],
              [
                -98.31962058876331,
                19.05387186290005
              ],
              [
                -98.31927171444016,
                19.05452026459323
              ],
              [
                -98.31921328569481,
                19.054558836420895
              ],
              [
                -98.31913907485418,
                19.054559699527736
              ],
              [
                -98.31850361869014,
                19.054271845082706
              ],
              [
                -98.31816888930709,
                19.05492840757353
              ],
              [
                -98.31806430580313,
                19.055128649851937
              ],
              [
                -98.31650337523432,
                19.054403156246433
              ]
            ]
          ]
        ]
      }
    },
    {
      "type": "Feature",
      "properties": {
        "clave_ine": "211821",
        "seccion": 1821,
        "municipio": "San Pedro Cholula",
        "entidad": "Puebla"
      },
      "geometry": {
        "type": "MultiPolygon",
        "coordinates": [
          [
            [
              [
                -98.36147916541843,
                19.11419957765782
              ],
              [
                -98.3589775535574,
                19.114144113819158
              ],
              [
                -98.36156500246476,
                19.11157782936517
              ],
              [
                -98.36217852159295,
                19.110969311488514
              ],
              [
                -98.36361585744974,
                19.109544637740754
              ],
              [
                -98.36717651938562,
                19.106011805645544
              ],
              [
                -98.36991761981555,
                19.103292724326497
              ],
              [
                -98.37291745529218,
                19.100316833544987
              ],
              [
                -98.37274240843824,
                19.100323308155897
              ],
              [
                -98.36702732065301,
                19.1005346280846
              ],
              [
                -98.36696815075774,
                19.100536817763512
              ],
              [
                -98.3669159177549,
                19.100538750212326
              ],
              [
                -98.36077174012954,
                19.100765930439294
              ],
              [
                -98.36071388865997,
                19.10076812358392
              ],
              [
                -98.36066374520455,
                19.10077002445611
              ],
              [
                -98.35703114807565,
                19.10090770166819
              ],
              [
                -98.35698785215638,
                19.098696057123654
              ],
              [
                -98.35698647311209,
                19.09862558883257
              ],
              [
                -98.35698527342737,
                19.098564306515335
              ],
              [
                -98.35695066731707,
                19.096796650360776
              ],
              [
                -98.35039714305331,
                19.096920924689737
              ],
              [
                -98.35032966948714,
                19.096922203166777
              ],
              [
                -98.35023857594327,
                19.09692392878551
              ],
              [
                -98.34938549492834,
                19.096940088203333
              ],
              [
                -98.34931358201058,
                19.096941593726974
              ],
              [
                -98.34853360737725,
                19.09828730660882
              ],
              [
                -98.34744764870504,
                19.10015937458339
              ],
              [
                -98.34656341412767,
                19.10158911243209
              ],
              [
                -98.34571961639496,
                19.10073511817198
              ],
              [
                -98.34505319698354,
                19.10003710093847
              ],
              [
                -98.34467688362035,
                19.09964294137058
              ],
              [
                -98.34462929115003,
                19.099686334570364
              ],
              [
                -98.34340046291163,
                19.100719031564022
              ],
              [
                -98.34327978991755,
                19.100831591500402
              ],
              [
                -98.3421396424842,
                19.1019070855153
              ],
              [
                -98.34064994767155,
                19.10076296084432
              ],
              [
                -98.3405845536679,
                19.100704458125985
              ],
              [
                -98.3405104643563,
                19.100655267722097
              ],
              [
                -98.33787460531516,
                19.099056106938587
              ],
              [
                -98.33779407199914,
                19.09901056679859
              ],
              [
                -98.3383280289127,
                19.098394857804223
              ],
              [
                -98.33840741251468,
                19.098304844115855
              ],
              [
                -98.33883737233472,
                19.097905928105206
              ],
              [
                -98.33937699774695,
                19.09740526054972
              ],
              [
                -98.3385361227914,
                19.096724191887045
              ],
              [
                -98.33849419966751,
                19.096693523912204
              ],
              [
                -98.33844763749434,
                19.09675137859104
              ],
              [
                -98.33839885205938,
                19.09670893770133
              ],
              [
                -98.33835521546665,
                19.096670976012454
              ],
              [
                -98.3376097198187,
                19.096022429696216
              ],
              [
                -98.33696739899769,
                19.095463633410596
              ],
              [
                -98.33882651638731,
                19.093177747622068
              ],
              [
                -98.33885642991747,
                19.093139908108
              ],
              [
                -98.33866596256985,
                19.092931541595966
              ],
              [
                -98.33869893876982,
                19.09287794152015
              ],
              [
                -98.34023103702924,
                19.09071287668532
              ],
              [
                -98.34038466933876,
                19.090505158084312
              ],
              [
                -98.34043510245777,
                19.09043175474239
              ],
              [
                -98.34100898300534,
                19.08962642951743
              ],
              [
                -98.34135768743303,
                19.089135527018545
              ],
              [
                -98.3421436929494,
                19.089774069513382
              ],
              [
                -98.34239630140083,
                19.089429543262924
              ],
              [
                -98.3424069735403,
                19.08938813708212
              ],
              [
                -98.34298638362682,
                19.08855007443724
              ],
              [
                -98.34308335793075,
                19.088300976413013
              ],
              [
                -98.34449777435623,
                19.086366192613028
              ],
              [
                -98.3445476488342,
                19.086297968840967
              ],
              [
                -98.34456928623385,
                19.08631373154604
              ],
              [
                -98.34462712035923,
                19.08635068491446
              ],
              [
                -98.34651411701164,
                19.083204432182715
              ],
              [
                -98.34653003457453,
                19.083157965422632
              ],
              [
                -98.34789711020586,
                19.083503001140844
              ],
              [
                -98.3486584237369,
                19.082406876807326
              ],
              [
                -98.35256561090918,
                19.084041424473032
              ],
              [
                -98.35232604704669,
                19.085518092007504
              ],
              [
                -98.35500421098322,
                19.08637060128219
              ],
              [
                -98.35647626505757,
                19.08686081449851
              ],
              [
                -98.35827538416036,
                19.08706919850281
              ],
              [
                -98.36048509626482,
                19.087386782815216
              ],
              [
                -98.36750864670765,
                19.08746586505159
              ],
              [
                -98.36857479460866,
                19.087500240227207
              ],
              [
                -98.37225131286289,
                19.087555420678434
              ],
              [
                -98.37233316301864,
                19.08755664837555
              ],
              [
                -98.37274858585043,
                19.09206124728445
              ],
              [
                -98.37942220174826,
                19.093566136886295
              ],
              [
                -98.38415816454442,
                19.094633897526084
              ],
              [
                -98.38042695369823,
                19.098470443859153
              ],
              [
                -98.38139674498032,
                19.09891005597698
              ],
              [
                -98.3695215869418,
                19.1091639885506
              ],
              [
                -98.36720370183286,
                19.11126124049734
              ],
              [
                -98.36660864674599,
                19.111803190171297
              ],
              [
                -98.36497808361548,
                19.113288748147106
              ],
              [
                -98.36433236808573,
                19.113876971490843
              ],
              [
                -98.36372363079927,
                19.114431503292316
              ],
              [
                -98.36280944299973,
                19.11526427465038
              ],
              [
                -98.36147916541843,
                19.11419957765782
              ]
            ]
          ]
        ]
      }
    },
    {
      "type": "Feature",
      "properties": {
        "clave_ine": "211822",
        "seccion": 1822,
        "municipio": "San Pedro Cholula",
        "entidad": "Puebla"
      },
      "geometry": {
        "type": "MultiPolygon",
        "coordinates": [
          [
            [
              [
                -98.33170540309813,
                19.10154640577968
              ],
              [
                -98.33142800500399,
                19.1013540871987
              ],
              [
                -98.3291925789706,
                19.099804240757667
              ],
              [
                -98.32915561506991,
                19.099769171420284
              ],
              [
                -98.32911859907175,
                19.09973405941164
              ],
              [
                -98.32785419608288,
                19.09887481858714
              ],
              [
                -98.32778141247262,
                19.098819376979165
              ],
              [
                -98.32544968463876,
                19.097042697984413
              ],
              [
                -98.32534268718288,
                19.096961169290964
              ],
              [
                -98.32370427608116,
                19.095586211605085
              ],
              [
                -98.32361221687984,
                19.095521885571575
              ],
              [
                -98.32310217808414,
                19.095093729777663
              ],
              [
                -98.32433875100105,
                19.093316598401067
              ],
              [
                -98.32435304950477,
                19.093287413116652
              ],
              [
                -98.32382559257702,
                19.09298574014284
              ],
              [
                -98.32384385001279,
                19.092934170079502
              ],
              [
                -98.32428766148391,
                19.09223962456525
              ],
              [
                -98.3243521848457,
                19.092138648397267
              ],
              [
                -98.32441670813157,
                19.092037671299476
              ],
              [
                -98.32429429757681,
                19.091981461711473
              ],
              [
                -98.32461075901286,
                19.091521328705564
              ],
              [
                -98.3246288623563,
                19.09149194677104
              ],
              [
                -98.3242639920031,
                19.09127276791349
              ],
              [
                -98.3242817879692,
                19.09124652256682
              ],
              [
                -98.3242995829827,
                19.091220276311
              ],
              [
                -98.32474824033739,
                19.0905548411963
              ],
              [
                -98.32512555179694,
                19.090803394564986
              ],
              [
                -98.32595660851052,
                19.08967094448652
              ],
              [
                -98.3259779998998,
                19.089648499561456
              ],
              [
                -98.32600469662303,
                19.08962718831383
              ],
              [
                -98.32640457678498,
                19.089096340678076
              ],
              [
                -98.3285044840465,
                19.09047234565347
              ],
              [
                -98.32899321096978,
                19.08976105129466
              ],
              [
                -98.32903799201023,
                19.08969587607009
              ],
              [
                -98.32822208952801,
                19.089158305188274
              ],
              [
                -98.3286639386594,
                19.08851407400954
              ],
              [
                -98.3287121784963,
                19.088443736802194
              ],
              [
                -98.3289882940795,
                19.08804114694561
              ],
              [
                -98.32983813296998,
                19.088565973511557
              ],
              [
                -98.33064218662334,
                19.087412236840276
              ],
              [
                -98.33065755541986,
                19.08739992446963
              ],
              [
                -98.33067966901926,
                19.08737139148135
              ],
              [
                -98.33183413583369,
                19.085691470192277
              ],
              [
                -98.33189436860756,
                19.085606190205915
              ],
              [
                -98.33059540407842,
                19.084189630962044
              ],
              [
                -98.33110997319432,
                19.08372543151972
              ],
              [
                -98.3348625275609,
                19.080355073159087
              ],
              [
                -98.3340674308785,
                19.07988069790522
              ],
              [
                -98.33467331616723,
                19.079047737679254
              ],
              [
                -98.33476461391032,
                19.078720704466942
              ],
              [
                -98.33489249514714,
                19.078540744147865
              ],
              [
                -98.33499547793267,
                19.078226771825236
              ],
              [
                -98.33511740014534,
                19.078069110631308
              ],
              [
                -98.33525872949562,
                19.07795057869457
              ],
              [
                -98.33533118055553,
                19.077934099532875
              ],
              [
                -98.33546011185328,
                19.07798106485456
              ],
              [
                -98.3358238032351,
                19.078048207291793
              ],
              [
                -98.33586086689398,
                19.07805504997593
              ],
              [
                -98.33610759992682,
                19.07799641828661
              ],
              [
                -98.33614703746468,
                19.077918438831585
              ],
              [
                -98.33610643566189,
                19.077797392104372
              ],
              [
                -98.3360912228751,
                19.077687595844257
              ],
              [
                -98.33595297693603,
                19.077523416571637
              ],
              [
                -98.33586956667885,
                19.077344554198483
              ],
              [
                -98.33588563259329,
                19.077240451017282
              ],
              [
                -98.33608504970654,
                19.076781744117273
              ],
              [
                -98.33657556837765,
                19.07642080632565
              ],
              [
                -98.337032479777,
                19.076491707689343
              ],
              [
                -98.33758723931295,
                19.076460041918697
              ],
              [
                -98.33789820995865,
                19.07640505997836
              ],
              [
                -98.33827182017035,
                19.07642510088178
              ],
              [
                -98.33934581880347,
                19.07639155215347
              ],
              [
                -98.34025086791574,
                19.0763087746996
              ],
              [
                -98.34071190243611,
                19.07610472772212
              ],
              [
                -98.34095263060935,
                19.07590737136611
              ],
              [
                -98.34139305088986,
                19.07594260479735
              ],
              [
                -98.3416366180063,
                19.07602201281964
              ],
              [
                -98.34177823855194,
                19.07601877887984
              ],
              [
                -98.34204926689759,
                19.0761169840462
              ],
              [
                -98.3421908737183,
                19.07611748931086
              ],
              [
                -98.34256704390322,
                19.075968330969232
              ],
              [
                -98.3432982590339,
                19.076135931472262
              ],
              [
                -98.34361517785163,
                19.07612988628441
              ],
              [
                -98.34403375641581,
                19.07617441804024
              ],
              [
                -98.34417335386087,
                19.07617132779274
              ],
              [
                -98.34434669118076,
                19.076222160052126
              ],
              [
                -98.34463634238098,
                19.07643481441954
              ],
              [
                -98.34484725103206,
                19.076525235024885
              ],
              [
                -98.34508486344592,
                19.07654042656183
              ],
              [
                -98.34529974129886,
                19.076580644963656
              ],
              [
                -98.34539012745306,
                19.07662042116135
              ],
              [
                -98.34552206663354,
                19.076645998355428
              ],
              [
                -98.34558604436242,
                19.076685680714753
              ],
              [
                -98.34565765163401,
                19.076703869074468
              ],
              [
                -98.34580432995621,
                19.076819168539352
              ],
              [
                -98.34591018553536,
                19.076762154623808
              ],
              [
                -98.3462511475674,
                19.076397505029668
              ],
              [
                -98.3464327209609,
                19.076272608334598
              ],
              [
                -98.3465538769138,
                19.076161845616962
              ],
              [
                -98.34666786732474,
                19.075954211748286
              ],
              [
                -98.34677746739455,
                19.075904384262373
              ],
              [
                -98.35114065003668,
                19.07891675747299
              ],
              [
                -98.3486584237369,
                19.082406876807326
              ],
              [
                -98.34789711020586,
                19.083503001140844
              ],
              [
                -98.34653003457453,
                19.083157965422632
              ],
              [
                -98.34651411701164,
                19.083204432182715
              ],
              [
                -98.34462712035923,
                19.08635068491446
              ],
              [
                -98.34456928623385,
                19.08631373154604
              ],
              [
                -98.3445476488342,
                19.086297968840967
              ],
              [
                -98.34449777435623,
                19.086366192613028
              ],
              [
                -98.34308335793075,
                19.088300976413013
              ],
              [
                -98.34298638362682,
                19.08855007443724
              ],
              [
                -98.3424069735403,
                19.08938813708212
              ],
              [
                -98.34239630140083,
                19.089429543262924
              ],
              [
                -98.3421436929494,
                19.089774069513382
              ],
              [
                -98.34135768743303,
                19.089135527018545
              ],
              [
                -98.34100898300534,
                19.08962642951743
              ],
              [
                -98.34043510245777,
                19.09043175474239
              ],
              [
                -98.34038466933876,
                19.090505158084312
              ],
              [
                -98.34023103702924,
                19.09071287668532
              ],
              [
                -98.33869893876982,
                19.09287794152015
              ],
              [
                -98.33866596256985,
                19.092931541595966
              ],
              [
                -98.33885642991747,
                19.093139908108
              ],
              [
                -98.33882651638731,
                19.093177747622068
              ],
              [
                -98.33696739899769,
                19.095463633410596
              ],
              [
                -98.3376097198187,
                19.096022429696216
              ],
              [
                -98.33835521546665,
                19.096670976012454
              ],
              [
                -98.33839885205938,
                19.09670893770133
              ],
              [
                -98.33844763749434,
                19.09675137859104
              ],
              [
                -98.33849419966751,
                19.096693523912204
              ],
              [
                -98.3385361227914,
                19.096724191887045
              ],
              [
                -98.33937699774695,
                19.09740526054972
              ],
              [
                -98.33883737233472,
                19.097905928105206
              ],
              [
                -98.33840741251468,
                19.098304844115855
              ],
              [
                -98.3383280289127,
                19.098394857804223
              ],
              [
                -98.33825729479298,
                19.098343836815445
              ],
              [
                -98.33586664504222,
                19.096623810109744
              ],
              [
                -98.33563355386484,
                19.09690306309544
              ],
              [
                -98.33555007805704,
                19.09700307032198
              ],
              [
                -98.33409084267774,
                19.098751264578567
              ],
              [
                -98.33405913928163,
                19.09878924588133
              ],
              [
                -98.33253016234185,
                19.100620270577267
              ],
              [
                -98.33225580908115,
                19.100949166468403
              ],
              [
                -98.3317384809836,
                19.101569339060816
              ],
              [
                -98.33170540309813,
                19.10154640577968
              ]
            ]
          ]
        ]
      }
    },
    {
      "type": "Feature",
      "properties": {
        "clave_ine": "211823",
        "seccion": 1823,
        "municipio": "San Pedro Cholula",
        "entidad": "Puebla"
      },
      "geometry": {
        "type": "MultiPolygon",
        "coordinates": [
          [
            [
              [
                -98.31432115413516,
                19.09411024162557
              ],
              [
                -98.31381067265481,
                19.09380873735277
              ],
              [
                -98.31326678008979,
                19.09338977875135
              ],
              [
                -98.31245355113401,
                19.0928436190025
              ],
              [
                -98.31128435606591,
                19.092141619478888
              ],
              [
                -98.30999342709889,
                19.091127265665857
              ],
              [
                -98.30772345373852,
                19.08957098556333
              ],
              [
                -98.30760990453214,
                19.089453511630442
              ],
              [
                -98.30781274395363,
                19.08899807030809
              ],
              [
                -98.30789049693938,
                19.088636632557304
              ],
              [
                -98.30776617042591,
                19.08755517111933
              ],
              [
                -98.30763811997164,
                19.087082732279573
              ],
              [
                -98.30756322384701,
                19.086806402477162
              ],
              [
                -98.30734946200414,
                19.086343077891826
              ],
              [
                -98.30857501554418,
                19.08668762506278
              ],
              [
                -98.30863877310931,
                19.086594685632026
              ],
              [
                -98.30873826471309,
                19.086643119842925
              ],
              [
                -98.3088721745405,
                19.08647130392295
              ],
              [
                -98.30915461856739,
                19.086097425244493
              ],
              [
                -98.30919773609017,
                19.08599809130796
              ],
              [
                -98.30969264411911,
                19.08515993528513
              ],
              [
                -98.30968327846267,
                19.085086504629242
              ],
              [
                -98.30981046167226,
                19.084890182186072
              ],
              [
                -98.31008765548127,
                19.084464027989927
              ],
              [
                -98.31022030908929,
                19.084266549976288
              ],
              [
                -98.31035448614239,
                19.084117282271986
              ],
              [
                -98.31044676632108,
                19.083982832172804
              ],
              [
                -98.31054239758011,
                19.08384135376291
              ],
              [
                -98.31068690709093,
                19.08364642660728
              ],
              [
                -98.31074269107175,
                19.083562210759272
              ],
              [
                -98.31081208473886,
                19.083604856891938
              ],
              [
                -98.31223235827213,
                19.08448496572657
              ],
              [
                -98.3128922441911,
                19.084790677319198
              ],
              [
                -98.31305289746726,
                19.08486347708977
              ],
              [
                -98.31343763649365,
                19.085039988924763
              ],
              [
                -98.31345709083656,
                19.085000913627034
              ],
              [
                -98.31425701553387,
                19.083531698875834
              ],
              [
                -98.31442413911749,
                19.083641327784292
              ],
              [
                -98.31467032524854,
                19.083199145636122
              ],
              [
                -98.31485507936834,
                19.082867299988806
              ],
              [
                -98.31524668876096,
                19.083078385068383
              ],
              [
                -98.3152849178474,
                19.08306142348145
              ],
              [
                -98.31493664428287,
                19.0818417294161
              ],
              [
                -98.31497583968113,
                19.08181971070241
              ],
              [
                -98.31595845089639,
                19.082348492699982
              ],
              [
                -98.31755369631924,
                19.08318834912503
              ],
              [
                -98.31759317878621,
                19.083171201011556
              ],
              [
                -98.3177214091802,
                19.082952611950645
              ],
              [
                -98.31782762619258,
                19.08292706409803
              ],
              [
                -98.31800642689271,
                19.08294502004069
              ],
              [
                -98.31825442734257,
                19.083092940337632
              ],
              [
                -98.31827187097583,
                19.083100768626224
              ],
              [
                -98.3182893155613,
                19.083108596916748
              ],
              [
                -98.31951514020852,
                19.08393513750993
              ],
              [
                -98.31957447328668,
                19.083975143290033
              ],
              [
                -98.31881834240136,
                19.0851494296178
              ],
              [
                -98.3189850515108,
                19.085278123952115
              ],
              [
                -98.31806418558192,
                19.08667475119013
              ],
              [
                -98.31805367057866,
                19.08669376880228
              ],
              [
                -98.31934885943711,
                19.087503620278152
              ],
              [
                -98.32014752278297,
                19.088221887092622
              ],
              [
                -98.32024928848877,
                19.088284614851734
              ],
              [
                -98.32023020097776,
                19.088311652116143
              ],
              [
                -98.31939909164109,
                19.089449144364657
              ],
              [
                -98.31937757745574,
                19.089494686860842
              ],
              [
                -98.3192007525001,
                19.08970693853187
              ],
              [
                -98.31918463050384,
                19.089727917319408
              ],
              [
                -98.31897527704974,
                19.089541996257076
              ],
              [
                -98.31853411136247,
                19.089046796311973
              ],
              [
                -98.31817892854926,
                19.089518657369776
              ],
              [
                -98.31819371611729,
                19.089530864262745
              ],
              [
                -98.31831039678214,
                19.089683370328125
              ],
              [
                -98.31801041627612,
                19.09002189318998
              ],
              [
                -98.31797815302218,
                19.090042004208602
              ],
              [
                -98.31816398416886,
                19.09043169804261
              ],
              [
                -98.31820130285362,
                19.090500935537047
              ],
              [
                -98.31831513847044,
                19.090701197523174
              ],
              [
                -98.31827711778223,
                19.09073817580523
              ],
              [
                -98.31721921164063,
                19.092258754107775
              ],
              [
                -98.3171882384898,
                19.09230327169394
              ],
              [
                -98.31710443082859,
                19.092423730916483
              ],
              [
                -98.31707796431962,
                19.092461772037932
              ],
              [
                -98.31517637970352,
                19.09474150622021
              ],
              [
                -98.31515093345719,
                19.09478367535012
              ],
              [
                -98.31432115413516,
                19.09411024162557
              ]
            ]
          ]
        ]
      }
    },
    {
      "type": "Feature",
      "properties": {
        "clave_ine": "211824",
        "seccion": 1824,
        "municipio": "San Pedro Cholula",
        "entidad": "Puebla"
      },
      "geometry": {
        "type": "MultiPolygon",
        "coordinates": [
          [
            [
              [
                -98.30828468971272,
                19.106427670424022
              ],
              [
                -98.30648185870096,
                19.10530175321153
              ],
              [
                -98.30534311118684,
                19.104687606785532
              ],
              [
                -98.30520786918673,
                19.10452460212351
              ],
              [
                -98.3049606471192,
                19.104248558548257
              ],
              [
                -98.30479321397567,
                19.10422385180082
              ],
              [
                -98.30406274615757,
                19.103996411546813
              ],
              [
                -98.30403117017204,
                19.10399162186201
              ],
              [
                -98.30392618639782,
                19.103975697591505
              ],
              [
                -98.30386162385088,
                19.103974029299216
              ],
              [
                -98.30381454010158,
                19.103974853513723
              ],
              [
                -98.30377015260896,
                19.103975630976667
              ],
              [
                -98.30372949142135,
                19.103976926785748
              ],
              [
                -98.30368552720664,
                19.103978329385523
              ],
              [
                -98.30359806163523,
                19.103983432619867
              ],
              [
                -98.30346350615991,
                19.10399128299926
              ],
              [
                -98.30319867892271,
                19.10395020448877
              ],
              [
                -98.30299413866751,
                19.10389504090677
              ],
              [
                -98.30289558360606,
                19.103700013300163
              ],
              [
                -98.30279695209245,
                19.103522153047635
              ],
              [
                -98.30263584281428,
                19.103432347288702
              ],
              [
                -98.30260452947637,
                19.10342185959075
              ],
              [
                -98.30241212410455,
                19.10335742322975
              ],
              [
                -98.30218878117654,
                19.10319361095504
              ],
              [
                -98.301983533292,
                19.102889293814208
              ],
              [
                -98.30183798396394,
                19.102762643544043
              ],
              [
                -98.30153596817958,
                19.102621372488606
              ],
              [
                -98.30094700363448,
                19.10222576209039
              ],
              [
                -98.30061236618569,
                19.102008967789335
              ],
              [
                -98.30027770876343,
                19.10179215926805
              ],
              [
                -98.29986134600209,
                19.10152009157472
              ],
              [
                -98.29981411446146,
                19.101481418688497
              ],
              [
                -98.29961242000992,
                19.101344908013306
              ],
              [
                -98.29923547803564,
                19.10102196385663
              ],
              [
                -98.29868750797897,
                19.100552487186196
              ],
              [
                -98.29844077760941,
                19.100371033322475
              ],
              [
                -98.29821715516688,
                19.10016109203202
              ],
              [
                -98.29734394213477,
                19.099269569814588
              ],
              [
                -98.29592960047738,
                19.09766275937753
              ],
              [
                -98.29595590278717,
                19.0975333770501
              ],
              [
                -98.29630905156266,
                19.096799607530425
              ],
              [
                -98.29691743303826,
                19.09548575785732
              ],
              [
                -98.29723907458543,
                19.09483017740988
              ],
              [
                -98.29743687091306,
                19.094427018823545
              ],
              [
                -98.2976455529655,
                19.093998962819512
              ],
              [
                -98.29790120145904,
                19.093430336963213
              ],
              [
                -98.29798344920141,
                19.093247396921807
              ],
              [
                -98.29873682994304,
                19.091449572223613
              ],
              [
                -98.29887752485985,
                19.091070273647254
              ],
              [
                -98.29906279092634,
                19.090526084357172
              ],
              [
                -98.29914745870563,
                19.090331214909362
              ],
              [
                -98.29925319973007,
                19.090038495423503
              ],
              [
                -98.29934762061245,
                19.089774998439985
              ],
              [
                -98.29943552766295,
                19.089280141350375
              ],
              [
                -98.29944632791545,
                19.089183452389253
              ],
              [
                -98.29949257084971,
                19.088774714584893
              ],
              [
                -98.29953554831295,
                19.088294329325674
              ],
              [
                -98.29959692642481,
                19.08760824901323
              ],
              [
                -98.299675235918,
                19.08734230923839
              ],
              [
                -98.29977430033203,
                19.086409147645814
              ],
              [
                -98.29981531321818,
                19.086047493631284
              ],
              [
                -98.2998374365659,
                19.085854997768312
              ],
              [
                -98.2999766062085,
                19.084829557078766
              ],
              [
                -98.3000357696652,
                19.084420185651314
              ],
              [
                -98.30007989320208,
                19.084107226883837
              ],
              [
                -98.30015802989251,
                19.083553016186883
              ],
              [
                -98.3004252987887,
                19.082708386846942
              ],
              [
                -98.30072276632325,
                19.082966407025587
              ],
              [
                -98.3008446851582,
                19.083039508600134
              ],
              [
                -98.30127746157653,
                19.083298999039084
              ],
              [
                -98.30136487288763,
                19.083427332378537
              ],
              [
                -98.30149440947837,
                19.083679428980492
              ],
              [
                -98.30155344904438,
                19.08374572455838
              ],
              [
                -98.301622111466,
                19.0837896825957
              ],
              [
                -98.30193265485214,
                19.083472346447532
              ],
              [
                -98.30221425171638,
                19.08329493955301
              ],
              [
                -98.3024468241771,
                19.083009434074086
              ],
              [
                -98.30248368720567,
                19.082872232633925
              ],
              [
                -98.30379821073666,
                19.081412431298453
              ],
              [
                -98.30384678469441,
                19.081358487167655
              ],
              [
                -98.30435188098687,
                19.081771838644336
              ],
              [
                -98.3045723549118,
                19.082190759256438
              ],
              [
                -98.30470208254289,
                19.082417403342454
              ],
              [
                -98.3047702013538,
                19.08284206317234
              ],
              [
                -98.30480827663492,
                19.083291824006835
              ],
              [
                -98.30499889543509,
                19.083792948454093
              ],
              [
                -98.30505143738809,
                19.083819420967064
              ],
              [
                -98.30516759182926,
                19.08409355220495
              ],
              [
                -98.30521052353639,
                19.084194873285607
              ],
              [
                -98.30523530365558,
                19.084253355254233
              ],
              [
                -98.3054192650991,
                19.08461680684502
              ],
              [
                -98.30547361262978,
                19.084724180544487
              ],
              [
                -98.30585284869532,
                19.085275031022878
              ],
              [
                -98.3060408265786,
                19.085463051326812
              ],
              [
                -98.30609735132089,
                19.08551958864333
              ],
              [
                -98.30632681618961,
                19.08570017733237
              ],
              [
                -98.30721938382344,
                19.086322117267915
              ],
              [
                -98.30734946200414,
                19.086343077891826
              ],
              [
                -98.30756322384701,
                19.086806402477162
              ],
              [
                -98.30763811997164,
                19.087082732279573
              ],
              [
                -98.30776617042591,
                19.08755517111933
              ],
              [
                -98.30789049693938,
                19.088636632557304
              ],
              [
                -98.30781274395363,
                19.08899807030809
              ],
              [
                -98.30760990453214,
                19.089453511630442
              ],
              [
                -98.30772345373852,
                19.08957098556333
              ],
              [
                -98.30999342709889,
                19.091127265665857
              ],
              [
                -98.31128435606591,
                19.092141619478888
              ],
              [
                -98.31245355113401,
                19.0928436190025
              ],
              [
                -98.31326678008979,
                19.09338977875135
              ],
              [
                -98.31381067265481,
                19.09380873735277
              ],
              [
                -98.31432115413516,
                19.09411024162557
              ],
              [
                -98.31515093345719,
                19.09478367535012
              ],
              [
                -98.31512924702238,
                19.094821179052175
              ],
              [
                -98.31464602721373,
                19.095432759445906
              ],
              [
                -98.31462986207686,
                19.095453318309968
              ],
              [
                -98.31460705929176,
                19.095482078028134
              ],
              [
                -98.31389242822462,
                19.096386528242828
              ],
              [
                -98.31291805456361,
                19.095781779085097
              ],
              [
                -98.31170210050796,
                19.09772032674752
              ],
              [
                -98.31164665626946,
                19.09780933807835
              ],
              [
                -98.31111916981727,
                19.098656165067016
              ],
              [
                -98.31108888065067,
                19.09870355244425
              ],
              [
                -98.31084208121278,
                19.099078156602943
              ],
              [
                -98.31080717055448,
                19.099131591414544
              ],
              [
                -98.31077240298337,
                19.09917732536168
              ],
              [
                -98.31049479057394,
                19.09960233182107
              ],
              [
                -98.31128208318181,
                19.100110136097292
              ],
              [
                -98.31134731461188,
                19.100149938883792
              ],
              [
                -98.31132301285614,
                19.10018502120397
              ],
              [
                -98.31203655354251,
                19.100637636427983
              ],
              [
                -98.31243209430964,
                19.100887541690966
              ],
              [
                -98.31242553888059,
                19.100931910028354
              ],
              [
                -98.31171272312743,
                19.10292511883508
              ],
              [
                -98.31166804195666,
                19.103050055599176
              ],
              [
                -98.31162336071593,
                19.103174992348663
              ],
              [
                -98.31191048661177,
                19.103376817562836
              ],
              [
                -98.3116403862423,
                19.103998848046196
              ],
              [
                -98.31167561117886,
                19.10501118100181
              ],
              [
                -98.31041272155088,
                19.10784198211262
              ],
              [
                -98.31038750735809,
                19.107911543545963
              ],
              [
                -98.30828468971272,
                19.106427670424022
              ]
            ]
          ]
        ]
      }
    },
    {
      "type": "Feature",
      "properties": {
        "clave_ine": "211825",
        "seccion": 1825,
        "municipio": "San Pedro Cholula",
        "entidad": "Puebla"
      },
      "geometry": {
        "type": "MultiPolygon",
        "coordinates": [
          [
            [
              [
                -98.30734946200414,
                19.086343077891826
              ],
              [
                -98.30731429269352,
                19.086207448268347
              ],
              [
                -98.30724944308554,
                19.085957360915994
              ],
              [
                -98.30717508409427,
                19.085314220636157
              ],
              [
                -98.30715542952998,
                19.084895067544984
              ],
              [
                -98.30709879851403,
                19.084105519921245
              ],
              [
                -98.30739954686611,
                19.083625078702834
              ],
              [
                -98.30749557698178,
                19.083471670870882
              ],
              [
                -98.30831321108768,
                19.082283217804417
              ],
              [
                -98.30875950650827,
                19.081406116776094
              ],
              [
                -98.3089058381465,
                19.081095194146446
              ],
              [
                -98.30903333752,
                19.080824592045346
              ],
              [
                -98.30923949814462,
                19.08043815713569
              ],
              [
                -98.30967754507468,
                19.07960678002314
              ],
              [
                -98.31013643462092,
                19.078718582148458
              ],
              [
                -98.3105740180388,
                19.077888798526615
              ],
              [
                -98.31102595593235,
                19.077032189190685
              ],
              [
                -98.3114602197897,
                19.076159352405917
              ],
              [
                -98.31312394918561,
                19.07692229277894
              ],
              [
                -98.31391789843323,
                19.077266453576296
              ],
              [
                -98.31399211342108,
                19.077297511894763
              ],
              [
                -98.31400496701025,
                19.077271210255404
              ],
              [
                -98.31411164391716,
                19.077066169512854
              ],
              [
                -98.3149787979973,
                19.07744463094421
              ],
              [
                -98.31421777131233,
                19.07913770877892
              ],
              [
                -98.31421055030123,
                19.079226387339958
              ],
              [
                -98.31507894338505,
                19.07967200599685
              ],
              [
                -98.31561868379933,
                19.07995728196106
              ],
              [
                -98.3166006577924,
                19.080467593429034
              ],
              [
                -98.31910510001495,
                19.081793716611926
              ],
              [
                -98.31827187097583,
                19.083100768626224
              ],
              [
                -98.31825442734257,
                19.083092940337632
              ],
              [
                -98.31800642689271,
                19.08294502004069
              ],
              [
                -98.31782762619258,
                19.08292706409803
              ],
              [
                -98.3177214091802,
                19.082952611950645
              ],
              [
                -98.31759317878621,
                19.083171201011556
              ],
              [
                -98.31755369631924,
                19.08318834912503
              ],
              [
                -98.31595845089639,
                19.082348492699982
              ],
              [
                -98.31497583968113,
                19.08181971070241
              ],
              [
                -98.31493664428287,
                19.0818417294161
              ],
              [
                -98.3152849178474,
                19.08306142348145
              ],
              [
                -98.31524668876096,
                19.083078385068383
              ],
              [
                -98.31485507936834,
                19.082867299988806
              ],
              [
                -98.31467032524854,
                19.083199145636122
              ],
              [
                -98.31442413911749,
                19.083641327784292
              ],
              [
                -98.31425701553387,
                19.083531698875834
              ],
              [
                -98.31345709083656,
                19.085000913627034
              ],
              [
                -98.31343763649365,
                19.085039988924763
              ],
              [
                -98.31305289746726,
                19.08486347708977
              ],
              [
                -98.3128922441911,
                19.084790677319198
              ],
              [
                -98.31223235827213,
                19.08448496572657
              ],
              [
                -98.31081208473886,
                19.083604856891938
              ],
              [
                -98.31074269107175,
                19.083562210759272
              ],
              [
                -98.31068690709093,
                19.08364642660728
              ],
              [
                -98.31054239758011,
                19.08384135376291
              ],
              [
                -98.31044676632108,
                19.083982832172804
              ],
              [
                -98.31035448614239,
                19.084117282271986
              ],
              [
                -98.31022030908929,
                19.084266549976288
              ],
              [
                -98.31008765548127,
                19.084464027989927
              ],
              [
                -98.30981046167226,
                19.084890182186072
              ],
              [
                -98.30968327846267,
                19.085086504629242
              ],
              [
                -98.30969264411911,
                19.08515993528513
              ],
              [
                -98.30919773609017,
                19.08599809130796
              ],
              [
                -98.30915461856739,
                19.086097425244493
              ],
              [
                -98.3088721745405,
                19.08647130392295
              ],
              [
                -98.30873826471309,
                19.086643119842925
              ],
              [
                -98.30863877310931,
                19.086594685632026
              ],
              [
                -98.30857501554418,
                19.08668762506278
              ],
              [
                -98.30734946200414,
                19.086343077891826
              ]
            ]
          ]
        ]
      }
    },
    {
      "type": "Feature",
      "properties": {
        "clave_ine": "211826",
        "seccion": 1826,
        "municipio": "San Pedro Cholula",
        "entidad": "Puebla"
      },
      "geometry": {
        "type": "MultiPolygon",
        "coordinates": [
          [
            [
              [
                -98.30721938382344,
                19.086322117267915
              ],
              [
                -98.30632681618961,
                19.08570017733237
              ],
              [
                -98.30609735132089,
                19.08551958864333
              ],
              [
                -98.3060408265786,
                19.085463051326812
              ],
              [
                -98.30585284869532,
                19.085275031022878
              ],
              [
                -98.30547361262978,
                19.084724180544487
              ],
              [
                -98.3054192650991,
                19.08461680684502
              ],
              [
                -98.30523530365558,
                19.084253355254233
              ],
              [
                -98.30521052353639,
                19.084194873285607
              ],
              [
                -98.30516759182926,
                19.08409355220495
              ],
              [
                -98.30505143738809,
                19.083819420967064
              ],
              [
                -98.30499889543509,
                19.083792948454093
              ],
              [
                -98.30480827663492,
                19.083291824006835
              ],
              [
                -98.3047702013538,
                19.08284206317234
              ],
              [
                -98.30470208254289,
                19.082417403342454
              ],
              [
                -98.3045723549118,
                19.082190759256438
              ],
              [
                -98.30435188098687,
                19.081771838644336
              ],
              [
                -98.30384678469441,
                19.081358487167655
              ],
              [
                -98.30430458231355,
                19.08080937840964
              ],
              [
                -98.30329963861224,
                19.08008378435633
              ],
              [
                -98.30304859756777,
                19.079907027196572
              ],
              [
                -98.30304714481488,
                19.079569170520724
              ],
              [
                -98.3029882800971,
                19.078754510135226
              ],
              [
                -98.30292450839983,
                19.078292518532265
              ],
              [
                -98.30290640898498,
                19.078029560538365
              ],
              [
                -98.30286963854995,
                19.077409230178795
              ],
              [
                -98.30291820423514,
                19.07720796733816
              ],
              [
                -98.30302985597602,
                19.076900463559735
              ],
              [
                -98.30306221946805,
                19.076837533278187
              ],
              [
                -98.3032234357095,
                19.07652404889493
              ],
              [
                -98.30362605622587,
                19.07574479676937
              ],
              [
                -98.30390225643768,
                19.075218004428326
              ],
              [
                -98.30394392043753,
                19.075138537771874
              ],
              [
                -98.30407756974921,
                19.074883628930092
              ],
              [
                -98.30448594683043,
                19.074043545072822
              ],
              [
                -98.30493661100695,
                19.07317504063093
              ],
              [
                -98.30650542339507,
                19.073893536238476
              ],
              [
                -98.30698358483482,
                19.074111186634884
              ],
              [
                -98.30812074830204,
                19.07462879629428
              ],
              [
                -98.30979417844152,
                19.075394518947693
              ],
              [
                -98.3114602197897,
                19.076159352405917
              ],
              [
                -98.31102595593235,
                19.077032189190685
              ],
              [
                -98.3105740180388,
                19.077888798526615
              ],
              [
                -98.31013643462092,
                19.078718582148458
              ],
              [
                -98.30967754507468,
                19.07960678002314
              ],
              [
                -98.30923949814462,
                19.08043815713569
              ],
              [
                -98.30903333752,
                19.080824592045346
              ],
              [
                -98.3089058381465,
                19.081095194146446
              ],
              [
                -98.30875950650827,
                19.081406116776094
              ],
              [
                -98.30831321108768,
                19.082283217804417
              ],
              [
                -98.30749557698178,
                19.083471670870882
              ],
              [
                -98.30739954686611,
                19.083625078702834
              ],
              [
                -98.30709879851403,
                19.084105519921245
              ],
              [
                -98.30715542952998,
                19.084895067544984
              ],
              [
                -98.30717508409427,
                19.085314220636157
              ],
              [
                -98.30724944308554,
                19.085957360915994
              ],
              [
                -98.30731429269352,
                19.086207448268347
              ],
              [
                -98.30734946200414,
                19.086343077891826
              ],
              [
                -98.30721938382344,
                19.086322117267915
              ]
            ]
          ]
        ]
      }
    },
    {
      "type": "Feature",
      "properties": {
        "clave_ine": "211827",
        "seccion": 1827,
        "municipio": "San Pedro Cholula",
        "entidad": "Puebla"
      },
      "geometry": {
        "type": "MultiPolygon",
        "coordinates": [
          [
            [
              [
                -98.31411164391716,
                19.077066169512854
              ],
              [
                -98.31400496701025,
                19.077271210255404
              ],
              [
                -98.31399211342108,
                19.077297511894763
              ],
              [
                -98.31391789843323,
                19.077266453576296
              ],
              [
                -98.31312394918561,
                19.07692229277894
              ],
              [
                -98.3114602197897,
                19.076159352405917
              ],
              [
                -98.30979417844152,
                19.075394518947693
              ],
              [
                -98.30812074830204,
                19.07462879629428
              ],
              [
                -98.30698358483482,
                19.074111186634884
              ],
              [
                -98.30650542339507,
                19.073893536238476
              ],
              [
                -98.30659716596374,
                19.073718541827425
              ],
              [
                -98.30693825734618,
                19.073036190825537
              ],
              [
                -98.30740677765425,
                19.072163833865478
              ],
              [
                -98.30899710598622,
                19.07290023744962
              ],
              [
                -98.30945225640171,
                19.07205494429074
              ],
              [
                -98.30969986182558,
                19.071580001313265
              ],
              [
                -98.30976755028676,
                19.07145015301204
              ],
              [
                -98.3099153013325,
                19.07116673776995
              ],
              [
                -98.31032261768588,
                19.070317968127476
              ],
              [
                -98.31081538303067,
                19.06941993737765
              ],
              [
                -98.31246036615701,
                19.07017050556607
              ],
              [
                -98.31423184083187,
                19.07097876632759
              ],
              [
                -98.31421300024941,
                19.071108486249162
              ],
              [
                -98.3141016949984,
                19.071310739299527
              ],
              [
                -98.31526861382285,
                19.071970460082692
              ],
              [
                -98.31531346167677,
                19.071997154115973
              ],
              [
                -98.31535344255789,
                19.072036248858762
              ],
              [
                -98.31536994210252,
                19.072047532390602
              ],
              [
                -98.31539404533375,
                19.072069029869542
              ],
              [
                -98.31542404812848,
                19.072081974841147
              ],
              [
                -98.3158867930749,
                19.07233746121459
              ],
              [
                -98.31624678138715,
                19.072598479363727
              ],
              [
                -98.31635388693134,
                19.07257696057848
              ],
              [
                -98.31642971076326,
                19.072555325776474
              ],
              [
                -98.31654845615519,
                19.072505673230946
              ],
              [
                -98.31670550520484,
                19.072438763397926
              ],
              [
                -98.31705500717264,
                19.07269822924339
              ],
              [
                -98.3173661065794,
                19.072927851842106
              ],
              [
                -98.317557021605,
                19.07303803308712
              ],
              [
                -98.31748558479826,
                19.073169086896915
              ],
              [
                -98.31658218451348,
                19.074829928315403
              ],
              [
                -98.31637036808645,
                19.07521933179808
              ],
              [
                -98.31633113746084,
                19.075108082390592
              ],
              [
                -98.31627407108716,
                19.075044981591414
              ],
              [
                -98.31615746675152,
                19.074983756583272
              ],
              [
                -98.31613847047886,
                19.074975349403044
              ],
              [
                -98.31611919333679,
                19.075012464681084
              ],
              [
                -98.31564025602967,
                19.0759345497138
              ],
              [
                -98.31563908649476,
                19.075969144818554
              ],
              [
                -98.3152381200546,
                19.07679522947241
              ],
              [
                -98.31524482175426,
                19.076832317316093
              ],
              [
                -98.3152716665245,
                19.076842336135655
              ],
              [
                -98.31526538394465,
                19.076863098132602
              ],
              [
                -98.3149787979973,
                19.07744463094421
              ],
              [
                -98.31411164391716,
                19.077066169512854
              ]
            ]
          ]
        ]
      }
    },
    {
      "type": "Feature",
      "properties": {
        "clave_ine": "211828",
        "seccion": 1828,
        "municipio": "San Pedro Cholula",
        "entidad": "Puebla"
      },
      "geometry": {
        "type": "MultiPolygon",
        "coordinates": [
          [
            [
              [
                -98.32104953989139,
                19.093875429254794
              ],
              [
                -98.32100089792442,
                19.093851811388056
              ],
              [
                -98.32137629579792,
                19.092888340284485
              ],
              [
                -98.32133137610784,
                19.09286274354039
              ],
              [
                -98.31960331984695,
                19.09166511870267
              ],
              [
                -98.31958189056792,
                19.09164608155685
              ],
              [
                -98.31988946943306,
                19.091204814415512
              ],
              [
                -98.31986808131578,
                19.091187574932448
              ],
              [
                -98.31847304033842,
                19.09022464489052
              ],
              [
                -98.3182394860026,
                19.090479294717024
              ],
              [
                -98.31820130285362,
                19.090500935537047
              ],
              [
                -98.31816398416886,
                19.09043169804261
              ],
              [
                -98.31797815302218,
                19.090042004208602
              ],
              [
                -98.31801041627612,
                19.09002189318998
              ],
              [
                -98.31831039678214,
                19.089683370328125
              ],
              [
                -98.31819371611729,
                19.089530864262745
              ],
              [
                -98.31817892854926,
                19.089518657369776
              ],
              [
                -98.31853411136247,
                19.089046796311973
              ],
              [
                -98.31897527704974,
                19.089541996257076
              ],
              [
                -98.31918463050384,
                19.089727917319408
              ],
              [
                -98.3192007525001,
                19.08970693853187
              ],
              [
                -98.31937757745574,
                19.089494686860842
              ],
              [
                -98.31939909164109,
                19.089449144364657
              ],
              [
                -98.32023020097776,
                19.088311652116143
              ],
              [
                -98.32024928848877,
                19.088284614851734
              ],
              [
                -98.32014752278297,
                19.088221887092622
              ],
              [
                -98.31934885943711,
                19.087503620278152
              ],
              [
                -98.31805367057866,
                19.08669376880228
              ],
              [
                -98.31806418558192,
                19.08667475119013
              ],
              [
                -98.3189850515108,
                19.085278123952115
              ],
              [
                -98.31881834240136,
                19.0851494296178
              ],
              [
                -98.31957447328668,
                19.083975143290033
              ],
              [
                -98.31951514020852,
                19.08393513750993
              ],
              [
                -98.3182893155613,
                19.083108596916748
              ],
              [
                -98.31827187097583,
                19.083100768626224
              ],
              [
                -98.31910510001495,
                19.081793716611926
              ],
              [
                -98.3166006577924,
                19.080467593429034
              ],
              [
                -98.31561868379933,
                19.07995728196106
              ],
              [
                -98.31507894338505,
                19.07967200599685
              ],
              [
                -98.31421055030123,
                19.079226387339958
              ],
              [
                -98.31421777131233,
                19.07913770877892
              ],
              [
                -98.3149787979973,
                19.07744463094421
              ],
              [
                -98.31526538394465,
                19.076863098132602
              ],
              [
                -98.3152716665245,
                19.076842336135655
              ],
              [
                -98.31524482175426,
                19.076832317316093
              ],
              [
                -98.3152381200546,
                19.07679522947241
              ],
              [
                -98.31563908649476,
                19.075969144818554
              ],
              [
                -98.31564025602967,
                19.0759345497138
              ],
              [
                -98.31611919333679,
                19.075012464681084
              ],
              [
                -98.31613847047886,
                19.074975349403044
              ],
              [
                -98.31615746675152,
                19.074983756583272
              ],
              [
                -98.31627407108716,
                19.075044981591414
              ],
              [
                -98.31633113746084,
                19.075108082390592
              ],
              [
                -98.31637036808645,
                19.07521933179808
              ],
              [
                -98.31658218451348,
                19.074829928315403
              ],
              [
                -98.31748558479826,
                19.073169086896915
              ],
              [
                -98.317557021605,
                19.07303803308712
              ],
              [
                -98.31816049107859,
                19.07347235845612
              ],
              [
                -98.32052272657272,
                19.075172456229012
              ],
              [
                -98.32074014850049,
                19.07532893146795
              ],
              [
                -98.32084449680441,
                19.075404029248347
              ],
              [
                -98.32236764220595,
                19.076500193882158
              ],
              [
                -98.32292885002593,
                19.076904073609143
              ],
              [
                -98.32295066876061,
                19.076919775283194
              ],
              [
                -98.32315120782901,
                19.07705724670111
              ],
              [
                -98.32418636761147,
                19.077759721234067
              ],
              [
                -98.32435936257187,
                19.077877117489646
              ],
              [
                -98.32497716877127,
                19.07822653942006
              ],
              [
                -98.3236261557674,
                19.08050778323362
              ],
              [
                -98.32360173043614,
                19.08047468738095
              ],
              [
                -98.32168220271889,
                19.083136272178397
              ],
              [
                -98.32196765678802,
                19.08330298521305
              ],
              [
                -98.32279198778636,
                19.08453607675102
              ],
              [
                -98.32379447272035,
                19.086068373692278
              ],
              [
                -98.32438999973878,
                19.086950740076425
              ],
              [
                -98.32468969154912,
                19.087573127637445
              ],
              [
                -98.32484477588729,
                19.0878302700896
              ],
              [
                -98.32517608889016,
                19.088404065464985
              ],
              [
                -98.3259779998998,
                19.089648499561456
              ],
              [
                -98.32595660851052,
                19.08967094448652
              ],
              [
                -98.32512555179694,
                19.090803394564986
              ],
              [
                -98.32474824033739,
                19.0905548411963
              ],
              [
                -98.3242995829827,
                19.091220276311
              ],
              [
                -98.3242817879692,
                19.09124652256682
              ],
              [
                -98.3242639920031,
                19.09127276791349
              ],
              [
                -98.3246288623563,
                19.09149194677104
              ],
              [
                -98.32461075901286,
                19.091521328705564
              ],
              [
                -98.32429429757681,
                19.091981461711473
              ],
              [
                -98.32441670813157,
                19.092037671299476
              ],
              [
                -98.3243521848457,
                19.092138648397267
              ],
              [
                -98.32428766148391,
                19.09223962456525
              ],
              [
                -98.32384385001279,
                19.092934170079502
              ],
              [
                -98.32382559257702,
                19.09298574014284
              ],
              [
                -98.32435304950477,
                19.093287413116652
              ],
              [
                -98.32433875100105,
                19.093316598401067
              ],
              [
                -98.32310217808414,
                19.095093729777663
              ],
              [
                -98.32104953989139,
                19.093875429254794
              ]
            ]
          ]
        ]
      }
    },
    {
      "type": "Feature",
      "properties": {
        "clave_ine": "211829",
        "seccion": 1829,
        "municipio": "San Pedro Cholula",
        "entidad": "Puebla"
      },
      "geometry": {
        "type": "MultiPolygon",
        "coordinates": [
          [
            [
              [
                -98.32640457678498,
                19.089096340678076
              ],
              [
                -98.32600469662303,
                19.08962718831383
              ],
              [
                -98.3259779998998,
                19.089648499561456
              ],
              [
                -98.32517608889016,
                19.088404065464985
              ],
              [
                -98.32484477588729,
                19.0878302700896
              ],
              [
                -98.32468969154912,
                19.087573127637445
              ],
              [
                -98.32438999973878,
                19.086950740076425
              ],
              [
                -98.32379447272035,
                19.086068373692278
              ],
              [
                -98.32279198778636,
                19.08453607675102
              ],
              [
                -98.32196765678802,
                19.08330298521305
              ],
              [
                -98.32168220271889,
                19.083136272178397
              ],
              [
                -98.32360173043614,
                19.08047468738095
              ],
              [
                -98.3236261557674,
                19.08050778323362
              ],
              [
                -98.32497716877127,
                19.07822653942006
              ],
              [
                -98.32513658178124,
                19.078314167596425
              ],
              [
                -98.3259755200305,
                19.07668518972852
              ],
              [
                -98.3268907845995,
                19.074948086624865
              ],
              [
                -98.32798797709151,
                19.07557852284791
              ],
              [
                -98.32822763859298,
                19.075716227209558
              ],
              [
                -98.32846729954306,
                19.075853932170016
              ],
              [
                -98.32866618914761,
                19.075985509423237
              ],
              [
                -98.32920745421369,
                19.076343608837742
              ],
              [
                -98.32928008896211,
                19.076378752752127
              ],
              [
                -98.32942154210122,
                19.07644719569627
              ],
              [
                -98.32992257949255,
                19.07668962343034
              ],
              [
                -98.33010584457625,
                19.07684045110492
              ],
              [
                -98.33026062437926,
                19.076967834053644
              ],
              [
                -98.33052979091133,
                19.077218118703513
              ],
              [
                -98.33159615814151,
                19.077851580610034
              ],
              [
                -98.33200267982731,
                19.078266267408388
              ],
              [
                -98.33232162556172,
                19.07851565538021
              ],
              [
                -98.33282637936944,
                19.078910325583223
              ],
              [
                -98.3340674308785,
                19.07988069790522
              ],
              [
                -98.3348625275609,
                19.080355073159087
              ],
              [
                -98.33110997319432,
                19.08372543151972
              ],
              [
                -98.33059540407842,
                19.084189630962044
              ],
              [
                -98.33189436860756,
                19.085606190205915
              ],
              [
                -98.33183413583369,
                19.085691470192277
              ],
              [
                -98.33067966901926,
                19.08737139148135
              ],
              [
                -98.33065755541986,
                19.08739992446963
              ],
              [
                -98.33064218662334,
                19.087412236840276
              ],
              [
                -98.32983813296998,
                19.088565973511557
              ],
              [
                -98.3289882940795,
                19.08804114694561
              ],
              [
                -98.3287121784963,
                19.088443736802194
              ],
              [
                -98.3286639386594,
                19.08851407400954
              ],
              [
                -98.32822208952801,
                19.089158305188274
              ],
              [
                -98.32903799201023,
                19.08969587607009
              ],
              [
                -98.32899321096978,
                19.08976105129466
              ],
              [
                -98.3285044840465,
                19.09047234565347
              ],
              [
                -98.32640457678498,
                19.089096340678076
              ]
            ]
          ]
        ]
      }
    },
    {
      "type": "Feature",
      "properties": {
        "clave_ine": "211830",
        "seccion": 1830,
        "municipio": "San Pedro Cholula",
        "entidad": "Puebla"
      },
      "geometry": {
        "type": "MultiPolygon",
        "coordinates": [
          [
            [
              [
                -98.33282637936944,
                19.078910325583223
              ],
              [
                -98.33232162556172,
                19.07851565538021
              ],
              [
                -98.33200267982731,
                19.078266267408388
              ],
              [
                -98.33159615814151,
                19.077851580610034
              ],
              [
                -98.33052979091133,
                19.077218118703513
              ],
              [
                -98.33026062437926,
                19.076967834053644
              ],
              [
                -98.33010584457625,
                19.07684045110492
              ],
              [
                -98.32992257949255,
                19.07668962343034
              ],
              [
                -98.32942154210122,
                19.07644719569627
              ],
              [
                -98.32928008896211,
                19.076378752752127
              ],
              [
                -98.32920745421369,
                19.076343608837742
              ],
              [
                -98.32866618914761,
                19.075985509423237
              ],
              [
                -98.32846729954306,
                19.075853932170016
              ],
              [
                -98.32822763859298,
                19.075716227209558
              ],
              [
                -98.32798797709151,
                19.07557852284791
              ],
              [
                -98.3268907845995,
                19.074948086624865
              ],
              [
                -98.3259755200305,
                19.07668518972852
              ],
              [
                -98.32513658178124,
                19.078314167596425
              ],
              [
                -98.32497716877127,
                19.07822653942006
              ],
              [
                -98.32435936257187,
                19.077877117489646
              ],
              [
                -98.32418636761147,
                19.077759721234067
              ],
              [
                -98.32315120782901,
                19.07705724670111
              ],
              [
                -98.32295066876061,
                19.076919775283194
              ],
              [
                -98.32292885002593,
                19.076904073609143
              ],
              [
                -98.32236764220595,
                19.076500193882158
              ],
              [
                -98.32084449680441,
                19.075404029248347
              ],
              [
                -98.32074014850049,
                19.07532893146795
              ],
              [
                -98.32052272657272,
                19.075172456229012
              ],
              [
                -98.31816049107859,
                19.07347235845612
              ],
              [
                -98.317557021605,
                19.07303803308712
              ],
              [
                -98.3173661065794,
                19.072927851842106
              ],
              [
                -98.31705500717264,
                19.07269822924339
              ],
              [
                -98.31759868930799,
                19.071923601058096
              ],
              [
                -98.31784801882915,
                19.071571953370057
              ],
              [
                -98.31811457467985,
                19.071182866800815
              ],
              [
                -98.31802157928072,
                19.07112509119485
              ],
              [
                -98.3171283494111,
                19.070583958653234
              ],
              [
                -98.31717432839477,
                19.070203558166938
              ],
              [
                -98.31719094795447,
                19.0700497538785
              ],
              [
                -98.31721765628792,
                19.069847762208376
              ],
              [
                -98.31734247505284,
                19.06954990294095
              ],
              [
                -98.31751891351674,
                19.069237948723497
              ],
              [
                -98.31779520166603,
                19.068749453173396
              ],
              [
                -98.3181942853206,
                19.0679426540671
              ],
              [
                -98.31954327260598,
                19.068534518552667
              ],
              [
                -98.31999553552883,
                19.068740643119
              ],
              [
                -98.3205783737914,
                19.06899921558724
              ],
              [
                -98.32073655790072,
                19.069069412939875
              ],
              [
                -98.32080045115548,
                19.06909775638267
              ],
              [
                -98.3214137364772,
                19.069366537368513
              ],
              [
                -98.32180851086491,
                19.06954688819745
              ],
              [
                -98.32232598216936,
                19.06977150192752
              ],
              [
                -98.32313000965138,
                19.070122097977713
              ],
              [
                -98.32344908121614,
                19.070261209496277
              ],
              [
                -98.32385158412579,
                19.07043063141506
              ],
              [
                -98.32409129625685,
                19.070553174125113
              ],
              [
                -98.32438363937342,
                19.070702620360798
              ],
              [
                -98.32482492358363,
                19.070923432679788
              ],
              [
                -98.32504339666396,
                19.071022809295282
              ],
              [
                -98.32580008528657,
                19.07140400475944
              ],
              [
                -98.32670131148272,
                19.071868772493914
              ],
              [
                -98.32761586674428,
                19.07232219595467
              ],
              [
                -98.32770288672758,
                19.07236514132811
              ],
              [
                -98.32819358799705,
                19.072601942710147
              ],
              [
                -98.32853303485427,
                19.072098678876426
              ],
              [
                -98.32918109737263,
                19.071113926668875
              ],
              [
                -98.32935377212154,
                19.070708340374953
              ],
              [
                -98.32937486059434,
                19.070588677844547
              ],
              [
                -98.32962630831285,
                19.070123699188464
              ],
              [
                -98.33039552142422,
                19.070527669787843
              ],
              [
                -98.33072441194044,
                19.07070039284206
              ],
              [
                -98.3308619016017,
                19.070800021815558
              ],
              [
                -98.33091195120771,
                19.070899332571308
              ],
              [
                -98.33105795890931,
                19.070971811335472
              ],
              [
                -98.3311840761759,
                19.070972268751856
              ],
              [
                -98.33156546474902,
                19.07105519350945
              ],
              [
                -98.33163243081097,
                19.071062179722936
              ],
              [
                -98.33205141211536,
                19.071345068741913
              ],
              [
                -98.33229923557877,
                19.071481627956903
              ],
              [
                -98.33237819940976,
                19.07155728079123
              ],
              [
                -98.33241606901667,
                19.071578217741294
              ],
              [
                -98.33275784240455,
                19.071767171204833
              ],
              [
                -98.3328074608421,
                19.071913060898932
              ],
              [
                -98.33276385888475,
                19.072244518829745
              ],
              [
                -98.3325433078197,
                19.072555239590567
              ],
              [
                -98.33176694245118,
                19.073100096871936
              ],
              [
                -98.33145179282812,
                19.073279836293942
              ],
              [
                -98.33136940949848,
                19.073397613081124
              ],
              [
                -98.33129749548375,
                19.073540550101075
              ],
              [
                -98.33125456430493,
                19.073703689865095
              ],
              [
                -98.3310590579189,
                19.074056268193523
              ],
              [
                -98.33107809025196,
                19.074223083954973
              ],
              [
                -98.33108765142674,
                19.07447434349984
              ],
              [
                -98.33128776097485,
                19.074692892966137
              ],
              [
                -98.33141283783233,
                19.07472310578323
              ],
              [
                -98.33154123437508,
                19.0747930089558
              ],
              [
                -98.33177307335116,
                19.07508482847345
              ],
              [
                -98.331975143012,
                19.07518420722806
              ],
              [
                -98.33205743628719,
                19.075287559318554
              ],
              [
                -98.33214106099379,
                19.075248183826258
              ],
              [
                -98.33218340229243,
                19.075096234214747
              ],
              [
                -98.33217482352057,
                19.07463328265839
              ],
              [
                -98.33221015697372,
                19.074494534383984
              ],
              [
                -98.33238139786022,
                19.074286839642486
              ],
              [
                -98.33248569831783,
                19.07404943324269
              ],
              [
                -98.33271070641578,
                19.073880485181665
              ],
              [
                -98.33285724872394,
                19.073897893166112
              ],
              [
                -98.33324067238286,
                19.074156633918797
              ],
              [
                -98.33337329953682,
                19.07419193711459
              ],
              [
                -98.33362441844791,
                19.074362607266597
              ],
              [
                -98.33363754382057,
                19.074515006237977
              ],
              [
                -98.33352270710198,
                19.074610354041194
              ],
              [
                -98.33326117838325,
                19.074753054626683
              ],
              [
                -98.33347602121526,
                19.074836536444412
              ],
              [
                -98.33359384068444,
                19.074853662909987
              ],
              [
                -98.3337872480754,
                19.074859425310574
              ],
              [
                -98.33402043903989,
                19.074934266425874
              ],
              [
                -98.33411181049121,
                19.074982478747096
              ],
              [
                -98.33458334426079,
                19.074988533293403
              ],
              [
                -98.33469311572645,
                19.07501504670799
              ],
              [
                -98.33487591224353,
                19.075098411287815
              ],
              [
                -98.33497659729727,
                19.075107480824077
              ],
              [
                -98.33558466079612,
                19.0753186113781
              ],
              [
                -98.33573109235591,
                19.075336550812743
              ],
              [
                -98.33573343302193,
                19.075898082287715
              ],
              [
                -98.33576877256424,
                19.075971325412212
              ],
              [
                -98.3357414450749,
                19.076185401536392
              ],
              [
                -98.33583957174494,
                19.076280667494686
              ],
              [
                -98.3363865937084,
                19.076332290765713
              ],
              [
                -98.33657556837765,
                19.07642080632565
              ],
              [
                -98.33608504970654,
                19.076781744117273
              ],
              [
                -98.33588563259329,
                19.077240451017282
              ],
              [
                -98.33586956667885,
                19.077344554198483
              ],
              [
                -98.33595297693603,
                19.077523416571637
              ],
              [
                -98.3360912228751,
                19.077687595844257
              ],
              [
                -98.33610643566189,
                19.077797392104372
              ],
              [
                -98.33614703746468,
                19.077918438831585
              ],
              [
                -98.33610759992682,
                19.07799641828661
              ],
              [
                -98.33586086689398,
                19.07805504997593
              ],
              [
                -98.3358238032351,
                19.078048207291793
              ],
              [
                -98.33546011185328,
                19.07798106485456
              ],
              [
                -98.33533118055553,
                19.077934099532875
              ],
              [
                -98.33525872949562,
                19.07795057869457
              ],
              [
                -98.33511740014534,
                19.078069110631308
              ],
              [
                -98.33499547793267,
                19.078226771825236
              ],
              [
                -98.33489249514714,
                19.078540744147865
              ],
              [
                -98.33476461391032,
                19.078720704466942
              ],
              [
                -98.33467331616723,
                19.079047737679254
              ],
              [
                -98.3340674308785,
                19.07988069790522
              ],
              [
                -98.33282637936944,
                19.078910325583223
              ]
            ]
          ]
        ]
      }
    },
    {
      "type": "Feature",
      "properties": {
        "clave_ine": "211831",
        "seccion": 1831,
        "municipio": "San Pedro Cholula",
        "entidad": "Puebla"
      },
      "geometry": {
        "type": "MultiPolygon",
        "coordinates": [
          [
            [
              [
                -98.34677746739455,
                19.075904384262373
              ],
              [
                -98.34666786732474,
                19.075954211748286
              ],
              [
                -98.3465538769138,
                19.076161845616962
              ],
              [
                -98.3464327209609,
                19.076272608334598
              ],
              [
                -98.3462511475674,
                19.076397505029668
              ],
              [
                -98.34591018553536,
                19.076762154623808
              ],
              [
                -98.34580432995621,
                19.076819168539352
              ],
              [
                -98.34565765163401,
                19.076703869074468
              ],
              [
                -98.34558604436242,
                19.076685680714753
              ],
              [
                -98.34552206663354,
                19.076645998355428
              ],
              [
                -98.34539012745306,
                19.07662042116135
              ],
              [
                -98.34529974129886,
                19.076580644963656
              ],
              [
                -98.34508486344592,
                19.07654042656183
              ],
              [
                -98.34484725103206,
                19.076525235024885
              ],
              [
                -98.34463634238098,
                19.07643481441954
              ],
              [
                -98.34434669118076,
                19.076222160052126
              ],
              [
                -98.34417335386087,
                19.07617132779274
              ],
              [
                -98.34403375641581,
                19.07617441804024
              ],
              [
                -98.34361517785163,
                19.07612988628441
              ],
              [
                -98.3432982590339,
                19.076135931472262
              ],
              [
                -98.34256704390322,
                19.075968330969232
              ],
              [
                -98.3421908737183,
                19.07611748931086
              ],
              [
                -98.34204926689759,
                19.0761169840462
              ],
              [
                -98.34177823855194,
                19.07601877887984
              ],
              [
                -98.3416366180063,
                19.07602201281964
              ],
              [
                -98.34139305088986,
                19.07594260479735
              ],
              [
                -98.34095263060935,
                19.07590737136611
              ],
              [
                -98.34071190243611,
                19.07610472772212
              ],
              [
                -98.34025086791574,
                19.0763087746996
              ],
              [
                -98.33934581880347,
                19.07639155215347
              ],
              [
                -98.33827182017035,
                19.07642510088178
              ],
              [
                -98.33789820995865,
                19.07640505997836
              ],
              [
                -98.33758723931295,
                19.076460041918697
              ],
              [
                -98.337032479777,
                19.076491707689343
              ],
              [
                -98.33657556837765,
                19.07642080632565
              ],
              [
                -98.3363865937084,
                19.076332290765713
              ],
              [
                -98.33583957174494,
                19.076280667494686
              ],
              [
                -98.3357414450749,
                19.076185401536392
              ],
              [
                -98.33576877256424,
                19.075971325412212
              ],
              [
                -98.33573343302193,
                19.075898082287715
              ],
              [
                -98.33573109235591,
                19.075336550812743
              ],
              [
                -98.33558466079612,
                19.0753186113781
              ],
              [
                -98.33497659729727,
                19.075107480824077
              ],
              [
                -98.33487591224353,
                19.075098411287815
              ],
              [
                -98.33469311572645,
                19.07501504670799
              ],
              [
                -98.33458334426079,
                19.074988533293403
              ],
              [
                -98.33411181049121,
                19.074982478747096
              ],
              [
                -98.33402043903989,
                19.074934266425874
              ],
              [
                -98.3337872480754,
                19.074859425310574
              ],
              [
                -98.33359384068444,
                19.074853662909987
              ],
              [
                -98.33347602121526,
                19.074836536444412
              ],
              [
                -98.33326117838325,
                19.074753054626683
              ],
              [
                -98.33352270710198,
                19.074610354041194
              ],
              [
                -98.33363754382057,
                19.074515006237977
              ],
              [
                -98.33362441844791,
                19.074362607266597
              ],
              [
                -98.33337329953682,
                19.07419193711459
              ],
              [
                -98.33324067238286,
                19.074156633918797
              ],
              [
                -98.33285724872394,
                19.073897893166112
              ],
              [
                -98.33271070641578,
                19.073880485181665
              ],
              [
                -98.33248569831783,
                19.07404943324269
              ],
              [
                -98.33238139786022,
                19.074286839642486
              ],
              [
                -98.33221015697372,
                19.074494534383984
              ],
              [
                -98.33217482352057,
                19.07463328265839
              ],
              [
                -98.33218340229243,
                19.075096234214747
              ],
              [
                -98.33214106099379,
                19.075248183826258
              ],
              [
                -98.33205743628719,
                19.075287559318554
              ],
              [
                -98.331975143012,
                19.07518420722806
              ],
              [
                -98.33177307335116,
                19.07508482847345
              ],
              [
                -98.33154123437508,
                19.0747930089558
              ],
              [
                -98.33141283783233,
                19.07472310578323
              ],
              [
                -98.33128776097485,
                19.074692892966137
              ],
              [
                -98.33108765142674,
                19.07447434349984
              ],
              [
                -98.33107809025196,
                19.074223083954973
              ],
              [
                -98.3310590579189,
                19.074056268193523
              ],
              [
                -98.33125456430493,
                19.073703689865095
              ],
              [
                -98.33129749548375,
                19.073540550101075
              ],
              [
                -98.33136940949848,
                19.073397613081124
              ],
              [
                -98.33145179282812,
                19.073279836293942
              ],
              [
                -98.33176694245118,
                19.073100096871936
              ],
              [
                -98.3325433078197,
                19.072555239590567
              ],
              [
                -98.33276385888475,
                19.072244518829745
              ],
              [
                -98.3328074608421,
                19.071913060898932
              ],
              [
                -98.33275784240455,
                19.071767171204833
              ],
              [
                -98.33241606901667,
                19.071578217741294
              ],
              [
                -98.33237819940976,
                19.07155728079123
              ],
              [
                -98.33229923557877,
                19.071481627956903
              ],
              [
                -98.33205141211536,
                19.071345068741913
              ],
              [
                -98.33163243081097,
                19.071062179722936
              ],
              [
                -98.33156546474902,
                19.07105519350945
              ],
              [
                -98.3311840761759,
                19.070972268751856
              ],
              [
                -98.33105795890931,
                19.070971811335472
              ],
              [
                -98.33091195120771,
                19.070899332571308
              ],
              [
                -98.3308619016017,
                19.070800021815558
              ],
              [
                -98.33072441194044,
                19.07070039284206
              ],
              [
                -98.33039552142422,
                19.070527669787843
              ],
              [
                -98.32962630831285,
                19.070123699188464
              ],
              [
                -98.32937486059434,
                19.070588677844547
              ],
              [
                -98.32935377212154,
                19.070708340374953
              ],
              [
                -98.32918109737263,
                19.071113926668875
              ],
              [
                -98.32853303485427,
                19.072098678876426
              ],
              [
                -98.32819358799705,
                19.072601942710147
              ],
              [
                -98.32770288672758,
                19.07236514132811
              ],
              [
                -98.32761586674428,
                19.07232219595467
              ],
              [
                -98.32670131148272,
                19.071868772493914
              ],
              [
                -98.32580008528657,
                19.07140400475944
              ],
              [
                -98.32504339666396,
                19.071022809295282
              ],
              [
                -98.32482492358363,
                19.070923432679788
              ],
              [
                -98.32438363937342,
                19.070702620360798
              ],
              [
                -98.32409129625685,
                19.070553174125113
              ],
              [
                -98.32385158412579,
                19.07043063141506
              ],
              [
                -98.32344908121614,
                19.070261209496277
              ],
              [
                -98.32313000965138,
                19.070122097977713
              ],
              [
                -98.32232598216936,
                19.06977150192752
              ],
              [
                -98.32180851086491,
                19.06954688819745
              ],
              [
                -98.3214137364772,
                19.069366537368513
              ],
              [
                -98.32080045115548,
                19.06909775638267
              ],
              [
                -98.32073655790072,
                19.069069412939875
              ],
              [
                -98.3205783737914,
                19.06899921558724
              ],
              [
                -98.31999553552883,
                19.068740643119
              ],
              [
                -98.31954327260598,
                19.068534518552667
              ],
              [
                -98.3181942853206,
                19.0679426540671
              ],
              [
                -98.3183048563524,
                19.067709208484295
              ],
              [
                -98.31856568339848,
                19.067159296940012
              ],
              [
                -98.31875759539446,
                19.066774178882387
              ],
              [
                -98.31892646956234,
                19.066471689529095
              ],
              [
                -98.31895855240099,
                19.066387298305568
              ],
              [
                -98.31942506219171,
                19.06549589545658
              ],
              [
                -98.31979128780443,
                19.064803668254893
              ],
              [
                -98.3198540441185,
                19.06465916568008
              ],
              [
                -98.31992691370134,
                19.06451890352604
              ],
              [
                -98.3203171539179,
                19.06376774761152
              ],
              [
                -98.32044048709461,
                19.06352987051658
              ],
              [
                -98.32057056228345,
                19.063391143619505
              ],
              [
                -98.32086679816749,
                19.063239642594148
              ],
              [
                -98.32120663823777,
                19.063092312192506
              ],
              [
                -98.32140007929753,
                19.06301009106943
              ],
              [
                -98.32233098233739,
                19.062614415425802
              ],
              [
                -98.32273683400585,
                19.062428544476685
              ],
              [
                -98.32382724201881,
                19.06198472197081
              ],
              [
                -98.32400407070865,
                19.061931428255875
              ],
              [
                -98.3240452913248,
                19.061919005026322
              ],
              [
                -98.32412260066214,
                19.06189570496944
              ],
              [
                -98.3243781277493,
                19.061818692045662
              ],
              [
                -98.32456837324068,
                19.06177805370458
              ],
              [
                -98.32469247839332,
                19.06175142102127
              ],
              [
                -98.32486127162448,
                19.06171529923125
              ],
              [
                -98.32516195572605,
                19.061650875591678
              ],
              [
                -98.32555647581425,
                19.061566346189153
              ],
              [
                -98.32647315588426,
                19.06138833322537
              ],
              [
                -98.3264834230062,
                19.061430290343104
              ],
              [
                -98.32657948037857,
                19.061822823553406
              ],
              [
                -98.32820958037343,
                19.062305545578212
              ],
              [
                -98.32826868793191,
                19.062323048832614
              ],
              [
                -98.32840509489719,
                19.062040143646374
              ],
              [
                -98.32877362288868,
                19.06124903203112
              ],
              [
                -98.3289313553984,
                19.060900914270086
              ],
              [
                -98.32909610385317,
                19.060868584802073
              ],
              [
                -98.32955362044598,
                19.060773406835857
              ],
              [
                -98.32985306381765,
                19.060711111837247
              ],
              [
                -98.33134577358487,
                19.060400570155878
              ],
              [
                -98.33092587698634,
                19.061768743739144
              ],
              [
                -98.33074452894226,
                19.062376917001952
              ],
              [
                -98.33079708178825,
                19.062386118562582
              ],
              [
                -98.3313725247314,
                19.062549318144246
              ],
              [
                -98.3313709803766,
                19.0624063251516
              ],
              [
                -98.33236662178321,
                19.060244971002767
              ],
              [
                -98.3325102462804,
                19.060160583085676
              ],
              [
                -98.33285724085101,
                19.06010412145171
              ],
              [
                -98.33367451303754,
                19.059976365976507
              ],
              [
                -98.33409024413841,
                19.059911377860775
              ],
              [
                -98.33434511854907,
                19.05986225525387
              ],
              [
                -98.3344927308218,
                19.05983380470206
              ],
              [
                -98.33485876187059,
                19.05976325846746
              ],
              [
                -98.3351694144697,
                19.059703383655155
              ],
              [
                -98.33591221452394,
                19.059560216206552
              ],
              [
                -98.33641424750449,
                19.0594634524178
              ],
              [
                -98.33674570012485,
                19.059398682002193
              ],
              [
                -98.33693962948556,
                19.05936072349281
              ],
              [
                -98.33725667801876,
                19.059300812076415
              ],
              [
                -98.33744434167865,
                19.059265349178364
              ],
              [
                -98.33765217703743,
                19.059225488722838
              ],
              [
                -98.3378529027909,
                19.059186705953476
              ],
              [
                -98.33825683457614,
                19.059108905547376
              ],
              [
                -98.3386155002315,
                19.059068233805643
              ],
              [
                -98.3391328408121,
                19.059060870432702
              ],
              [
                -98.3391988776174,
                19.059086600742365
              ],
              [
                -98.33924828794808,
                19.059096757411968
              ],
              [
                -98.33975716966545,
                19.058951156819578
              ],
              [
                -98.34014791276434,
                19.05883935606914
              ],
              [
                -98.34016459934756,
                19.058883007354495
              ],
              [
                -98.33998167330171,
                19.059788146966486
              ],
              [
                -98.34044094307409,
                19.059633232311416
              ],
              [
                -98.34050485054036,
                19.059829156681893
              ],
              [
                -98.34012737675432,
                19.05994506687344
              ],
              [
                -98.34016590278884,
                19.060040415571624
              ],
              [
                -98.34009217975472,
                19.06009606477561
              ],
              [
                -98.34005665577172,
                19.06015744277026
              ],
              [
                -98.34001775989353,
                19.060327838320696
              ],
              [
                -98.3397440119732,
                19.060407933021985
              ],
              [
                -98.33971141631834,
                19.06047211661282
              ],
              [
                -98.33978676261049,
                19.060749157131532
              ],
              [
                -98.33989546911252,
                19.060769115131215
              ],
              [
                -98.33984792922557,
                19.060894750320486
              ],
              [
                -98.33964138348126,
                19.060809134264954
              ],
              [
                -98.33952798035943,
                19.060762208711942
              ],
              [
                -98.33918727389538,
                19.06067432340125
              ],
              [
                -98.33888455550861,
                19.060645282533233
              ],
              [
                -98.33888838878168,
                19.060699178468223
              ],
              [
                -98.33889012542213,
                19.06072358138107
              ],
              [
                -98.33893401641275,
                19.060776855397048
              ],
              [
                -98.33915089599083,
                19.060821108254977
              ],
              [
                -98.3394228676566,
                19.060876600608836
              ],
              [
                -98.33949295267884,
                19.060890900674632
              ],
              [
                -98.3398536857644,
                19.061126303632623
              ],
              [
                -98.34009479331463,
                19.06136127807764
              ],
              [
                -98.34022212336897,
                19.061420731596506
              ],
              [
                -98.34034037135393,
                19.061393651655482
              ],
              [
                -98.34049987940448,
                19.061486157738468
              ],
              [
                -98.34074415203803,
                19.062128100973528
              ],
              [
                -98.34079819175689,
                19.062152491039928
              ],
              [
                -98.35395445021203,
                19.065309021284097
              ],
              [
                -98.35405921528753,
                19.065334152712925
              ],
              [
                -98.35115372680094,
                19.068367727898647
              ],
              [
                -98.3539049474494,
                19.070653911323898
              ],
              [
                -98.35251886791968,
                19.07209539877272
              ],
              [
                -98.35396679063294,
                19.073134012526296
              ],
              [
                -98.35114065003668,
                19.07891675747299
              ],
              [
                -98.34677746739455,
                19.075904384262373
              ]
            ]
          ]
        ]
      }
    },
    {
      "type": "Feature",
      "properties": {
        "clave_ine": "211832",
        "seccion": 1832,
        "municipio": "San Pedro Cholula",
        "entidad": "Puebla"
      },
      "geometry": {
        "type": "MultiPolygon",
        "coordinates": [
          [
            [
              [
                -98.38042695369823,
                19.098470443859153
              ],
              [
                -98.38415816454442,
                19.094633897526084
              ],
              [
                -98.37942220174826,
                19.093566136886295
              ],
              [
                -98.37274858585043,
                19.09206124728445
              ],
              [
                -98.37233316301864,
                19.08755664837555
              ],
              [
                -98.37225131286289,
                19.087555420678434
              ],
              [
                -98.36857479460866,
                19.087500240227207
              ],
              [
                -98.36750864670765,
                19.08746586505159
              ],
              [
                -98.36048509626482,
                19.087386782815216
              ],
              [
                -98.35827538416036,
                19.08706919850281
              ],
              [
                -98.35647626505757,
                19.08686081449851
              ],
              [
                -98.35500421098322,
                19.08637060128219
              ],
              [
                -98.35232604704669,
                19.085518092007504
              ],
              [
                -98.35256561090918,
                19.084041424473032
              ],
              [
                -98.3486584237369,
                19.082406876807326
              ],
              [
                -98.35114065003668,
                19.07891675747299
              ],
              [
                -98.35396679063294,
                19.073134012526296
              ],
              [
                -98.35251886791968,
                19.07209539877272
              ],
              [
                -98.3539049474494,
                19.070653911323898
              ],
              [
                -98.35115372680094,
                19.068367727898647
              ],
              [
                -98.35405921528753,
                19.065334152712925
              ],
              [
                -98.35631098268799,
                19.062983007616005
              ],
              [
                -98.35682008036466,
                19.063319795720776
              ],
              [
                -98.35729703736395,
                19.06364770714453
              ],
              [
                -98.35896199606947,
                19.06479957654184
              ],
              [
                -98.36004909039224,
                19.06553830651938
              ],
              [
                -98.35813705848996,
                19.067540494715306
              ],
              [
                -98.35879230453749,
                19.067981641367943
              ],
              [
                -98.36031206080439,
                19.069023141406284
              ],
              [
                -98.36066627071226,
                19.069272774344746
              ],
              [
                -98.36124885160646,
                19.069659628272603
              ],
              [
                -98.36162304639252,
                19.069921331814616
              ],
              [
                -98.36232379708197,
                19.070396509576355
              ],
              [
                -98.36248810024283,
                19.070525390108298
              ],
              [
                -98.3635966078686,
                19.071281677303194
              ],
              [
                -98.36427543225994,
                19.071734333799693
              ],
              [
                -98.36505438665223,
                19.07227648168116
              ],
              [
                -98.36631030473093,
                19.073115445510794
              ],
              [
                -98.36655850664822,
                19.073320163425308
              ],
              [
                -98.36687164433262,
                19.073652660119972
              ],
              [
                -98.36691504633013,
                19.073702808219142
              ],
              [
                -98.36707651075587,
                19.07388846195413
              ],
              [
                -98.36721947728651,
                19.074047499042482
              ],
              [
                -98.3677164989865,
                19.074485717715643
              ],
              [
                -98.36806348203815,
                19.074805111641112
              ],
              [
                -98.36812357479005,
                19.074857695252803
              ],
              [
                -98.3683161255164,
                19.07501209907645
              ],
              [
                -98.36837393268894,
                19.07505735014674
              ],
              [
                -98.36915984300668,
                19.075642285246992
              ],
              [
                -98.36990234010784,
                19.07621050992214
              ],
              [
                -98.37157413161071,
                19.07392079658152
              ],
              [
                -98.37268983984153,
                19.072392658840894
              ],
              [
                -98.37265434264559,
                19.073956407656578
              ],
              [
                -98.3731909256583,
                19.074438233455695
              ],
              [
                -98.37378904498756,
                19.075042598599286
              ],
              [
                -98.37574508767013,
                19.07639524343924
              ],
              [
                -98.37804283709957,
                19.077489430655348
              ],
              [
                -98.38007265235846,
                19.07730677420847
              ],
              [
                -98.38030846884695,
                19.077424303084463
              ],
              [
                -98.38089858623655,
                19.07773882425234
              ],
              [
                -98.38213117874149,
                19.078159174343714
              ],
              [
                -98.38360074747942,
                19.078738444347835
              ],
              [
                -98.38483335372781,
                19.079158776723446
              ],
              [
                -98.38606711705756,
                19.07962050424551
              ],
              [
                -98.38810960255738,
                19.079893194598903
              ],
              [
                -98.38942735750057,
                19.07919226619103
              ],
              [
                -98.39027114892198,
                19.078173490612848
              ],
              [
                -98.39134269742154,
                19.07698240393603
              ],
              [
                -98.39302792093724,
                19.074862023625005
              ],
              [
                -98.3944048536529,
                19.075360904644448
              ],
              [
                -98.39401371532041,
                19.075869723193673
              ],
              [
                -98.39390269317258,
                19.076038790626036
              ],
              [
                -98.39368321328641,
                19.07645984648924
              ],
              [
                -98.39363026599369,
                19.076627299966813
              ],
              [
                -98.39335655054128,
                19.07717435632519
              ],
              [
                -98.39319130113951,
                19.077469410596002
              ],
              [
                -98.39308155945835,
                19.077679937155935
              ],
              [
                -98.3930363016608,
                19.078096152232767
              ],
              [
                -98.39298463553719,
                19.078305063357114
              ],
              [
                -98.39293681349983,
                19.078638358973443
              ],
              [
                -98.39288386375398,
                19.07880581215432
              ],
              [
                -98.39283347857241,
                19.079056185615254
              ],
              [
                -98.39278052952524,
                19.079223639659197
              ],
              [
                -98.39256488731971,
                19.07976907292861
              ],
              [
                -98.39251578265561,
                19.080060900524092
              ],
              [
                -98.39246795905619,
                19.080394200434366
              ],
              [
                -98.39253244347663,
                19.080599887351983
              ],
              [
                -98.39266141277714,
                19.081011260215405
              ],
              [
                -98.3929052548635,
                19.081377946418456
              ],
              [
                -98.39302653511126,
                19.08154055910887
              ],
              [
                -98.39326781576258,
                19.081824324580996
              ],
              [
                -98.39333230167844,
                19.08203001122977
              ],
              [
                -98.39346127396986,
                19.082441383555434
              ],
              [
                -98.39346640110263,
                19.082607223184958
              ],
              [
                -98.39346768359707,
                19.082648683772028
              ],
              [
                -98.39335409314269,
                19.08273483034889
              ],
              [
                -98.3933579386453,
                19.082859211198002
              ],
              [
                -98.3934249881077,
                19.083147817162832
              ],
              [
                -98.39360050994281,
                19.08318443777166
              ],
              [
                -98.39383536765033,
                19.083260898668033
              ],
              [
                -98.39401089350156,
                19.083297520711284
              ],
              [
                -98.39418767837803,
                19.083375594058104
              ],
              [
                -98.39430511792293,
                19.083413828728492
              ],
              [
                -98.3945387153793,
                19.08344883455737
              ],
              [
                -98.39477487099133,
                19.08356675761923
              ],
              [
                -98.39506653445564,
                19.083600146903407
              ],
              [
                -98.39529885131819,
                19.083593689394277
              ],
              [
                -98.39576860112551,
                19.08374661577285
              ],
              [
                -98.39623577120685,
                19.08381661795812
              ],
              [
                -98.39658554494301,
                19.083848393177416
              ],
              [
                -98.39699464707473,
                19.0839200098797
              ],
              [
                -98.39728887765891,
                19.084036314126593
              ],
              [
                -98.39763734482938,
                19.084026623995356
              ],
              [
                -98.39787607074406,
                19.08422746522611
              ],
              [
                -98.39811607994814,
                19.08446976402368
              ],
              [
                -98.39033242511019,
                19.091192927541037
              ],
              [
                -98.38139674498032,
                19.09891005597698
              ],
              [
                -98.38042695369823,
                19.098470443859153
              ]
            ]
          ]
        ]
      }
    },
    {
      "type": "Feature",
      "properties": {
        "clave_ine": "211833",
        "seccion": 1833,
        "municipio": "San Pedro Cholula",
        "entidad": "Puebla"
      },
      "geometry": {
        "type": "MultiPolygon",
        "coordinates": [
          [
            [
              [
                -98.37574508767013,
                19.07639524343924
              ],
              [
                -98.37378904498756,
                19.075042598599286
              ],
              [
                -98.3731909256583,
                19.074438233455695
              ],
              [
                -98.37265434264559,
                19.073956407656578
              ],
              [
                -98.37268983984153,
                19.072392658840894
              ],
              [
                -98.37157413161071,
                19.07392079658152
              ],
              [
                -98.36990234010784,
                19.07621050992214
              ],
              [
                -98.36915984300668,
                19.075642285246992
              ],
              [
                -98.36837393268894,
                19.07505735014674
              ],
              [
                -98.3683161255164,
                19.07501209907645
              ],
              [
                -98.36812357479005,
                19.074857695252803
              ],
              [
                -98.36806348203815,
                19.074805111641112
              ],
              [
                -98.3677164989865,
                19.074485717715643
              ],
              [
                -98.36721947728651,
                19.074047499042482
              ],
              [
                -98.36707651075587,
                19.07388846195413
              ],
              [
                -98.36691504633013,
                19.073702808219142
              ],
              [
                -98.36687164433262,
                19.073652660119972
              ],
              [
                -98.36655850664822,
                19.073320163425308
              ],
              [
                -98.36631030473093,
                19.073115445510794
              ],
              [
                -98.36505438665223,
                19.07227648168116
              ],
              [
                -98.36427543225994,
                19.071734333799693
              ],
              [
                -98.3635966078686,
                19.071281677303194
              ],
              [
                -98.36248810024283,
                19.070525390108298
              ],
              [
                -98.36232379708197,
                19.070396509576355
              ],
              [
                -98.36162304639252,
                19.069921331814616
              ],
              [
                -98.36124885160646,
                19.069659628272603
              ],
              [
                -98.36066627071226,
                19.069272774344746
              ],
              [
                -98.36031206080439,
                19.069023141406284
              ],
              [
                -98.35879230453749,
                19.067981641367943
              ],
              [
                -98.35813705848996,
                19.067540494715306
              ],
              [
                -98.36004909039224,
                19.06553830651938
              ],
              [
                -98.35896199606947,
                19.06479957654184
              ],
              [
                -98.35729703736395,
                19.06364770714453
              ],
              [
                -98.35682008036466,
                19.063319795720776
              ],
              [
                -98.35631098268799,
                19.062983007616005
              ],
              [
                -98.3589234924188,
                19.06008179244935
              ],
              [
                -98.35926827163517,
                19.05969890177807
              ],
              [
                -98.3618249475289,
                19.059459332750045
              ],
              [
                -98.36793413260027,
                19.058843410740383
              ],
              [
                -98.36847835173316,
                19.057501840085457
              ],
              [
                -98.36926292183024,
                19.056443422829417
              ],
              [
                -98.37029128186174,
                19.05579236414125
              ],
              [
                -98.37120575417543,
                19.055227441770086
              ],
              [
                -98.37207359649021,
                19.05507821554531
              ],
              [
                -98.38562840587137,
                19.053915320253278
              ],
              [
                -98.38587604555194,
                19.053894065595042
              ],
              [
                -98.38594562639163,
                19.05430642605543
              ],
              [
                -98.38596057035612,
                19.054844667613818
              ],
              [
                -98.38529802982328,
                19.056106832343993
              ],
              [
                -98.38485977803575,
                19.057072482692625
              ],
              [
                -98.38422887553669,
                19.057380695767957
              ],
              [
                -98.38343979756401,
                19.058273566757766
              ],
              [
                -98.38335004931139,
                19.059229183576544
              ],
              [
                -98.38293015850577,
                19.060857280454695
              ],
              [
                -98.38222966399826,
                19.060753124945013
              ],
              [
                -98.38054742884574,
                19.060884385798026
              ],
              [
                -98.37879906873579,
                19.060727477825356
              ],
              [
                -98.37670333676353,
                19.060621973115804
              ],
              [
                -98.37643914856248,
                19.060821819315343
              ],
              [
                -98.37619087585435,
                19.061009625343882
              ],
              [
                -98.37574911683289,
                19.061851042706426
              ],
              [
                -98.37519232506551,
                19.062737199244697
              ],
              [
                -98.37540894100813,
                19.063116604020287
              ],
              [
                -98.37568111545087,
                19.063593315738505
              ],
              [
                -98.37622455862157,
                19.06432355138851
              ],
              [
                -98.37653106253917,
                19.064894850141847
              ],
              [
                -98.37731375413699,
                19.065866825586543
              ],
              [
                -98.37837198203798,
                19.06629220697719
              ],
              [
                -98.3790633131417,
                19.066065152316725
              ],
              [
                -98.37941873594592,
                19.066303550532925
              ],
              [
                -98.38030729601901,
                19.066899544526912
              ],
              [
                -98.38195562289918,
                19.06763942627108
              ],
              [
                -98.38326139558568,
                19.06842238469149
              ],
              [
                -98.3836700975778,
                19.068667445404802
              ],
              [
                -98.3851441872659,
                19.06941231372115
              ],
              [
                -98.38499060382598,
                19.070162586467447
              ],
              [
                -98.38455001217437,
                19.0710454279111
              ],
              [
                -98.38280318586895,
                19.073043191671132
              ],
              [
                -98.38007265235846,
                19.07730677420847
              ],
              [
                -98.37804283709957,
                19.077489430655348
              ],
              [
                -98.37574508767013,
                19.07639524343924
              ]
            ]
          ]
        ]
      }
    },
    {
      "type": "Feature",
      "properties": {
        "clave_ine": "211834",
        "seccion": 1834,
        "municipio": "San Pedro Cholula",
        "entidad": "Puebla"
      },
      "geometry": {
        "type": "MultiPolygon",
        "coordinates": [
          [
            [
              [
                -98.27993481289546,
                19.07595460894248
              ],
              [
                -98.28035081635844,
                19.075252906815198
              ],
              [
                -98.28071817420066,
                19.07465297705923
              ],
              [
                -98.28086082451125,
                19.074533662428994
              ],
              [
                -98.2810421535926,
                19.07461995220642
              ],
              [
                -98.28125985194556,
                19.07426434350572
              ],
              [
                -98.28131324367568,
                19.07425701109755
              ],
              [
                -98.28194252174517,
                19.074170662814655
              ],
              [
                -98.28192107949558,
                19.074337317429123
              ],
              [
                -98.28176597188728,
                19.075225415976305
              ],
              [
                -98.28087746546599,
                19.075787024116742
              ],
              [
                -98.27999562150309,
                19.076055844444575
              ],
              [
                -98.27992875670286,
                19.076082353765145
              ],
              [
                -98.27993481289546,
                19.07595460894248
              ]
            ]
          ],
          [
            [
              [
                -98.28068193314657,
                19.082552782904852
              ],
              [
                -98.28045906106145,
                19.082381841332595
              ],
              [
                -98.27994504661227,
                19.08178394970854
              ],
              [
                -98.27990554505097,
                19.081747790924258
              ],
              [
                -98.27985868767331,
                19.081704969302823
              ],
              [
                -98.27978426770044,
                19.08161976379975
              ],
              [
                -98.27975007830136,
                19.08158325612399
              ],
              [
                -98.27972087516753,
                19.08155053275722
              ],
              [
                -98.27969811959171,
                19.081525032583674
              ],
              [
                -98.2796712468976,
                19.081495448746775
              ],
              [
                -98.27965797404194,
                19.081479997761843
              ],
              [
                -98.27954999849183,
                19.08135905238487
              ],
              [
                -98.27925147300242,
                19.081056992612627
              ],
              [
                -98.27921739640007,
                19.081018633593995
              ],
              [
                -98.27923137475331,
                19.080990949054492
              ],
              [
                -98.2790623171226,
                19.080784408809958
              ],
              [
                -98.2790355314005,
                19.080751692986645
              ],
              [
                -98.27895232935509,
                19.080579309538134
              ],
              [
                -98.27886275064688,
                19.08045849538081
              ],
              [
                -98.27873335993542,
                19.080338494187412
              ],
              [
                -98.27865736054574,
                19.080299371881225
              ],
              [
                -98.27847620288911,
                19.08021146632246
              ],
              [
                -98.27832567258278,
                19.08014866610129
              ],
              [
                -98.27822987258882,
                19.08014523109569
              ],
              [
                -98.27816209946218,
                19.08013654230422
              ],
              [
                -98.27764233152692,
                19.080234369211727
              ],
              [
                -98.27760834686634,
                19.080232371697427
              ],
              [
                -98.27749486162351,
                19.080418980991087
              ],
              [
                -98.27746578791141,
                19.080410266488823
              ],
              [
                -98.27661037599385,
                19.07997093610197
              ],
              [
                -98.27649957821971,
                19.07996876256254
              ],
              [
                -98.27642324230436,
                19.0801165357086
              ],
              [
                -98.27609584944857,
                19.080249155742816
              ],
              [
                -98.276076648943,
                19.080276740903656
              ],
              [
                -98.27551541976035,
                19.08053615554321
              ],
              [
                -98.27552398508956,
                19.08086731339938
              ],
              [
                -98.27546886105436,
                19.080841643937553
              ],
              [
                -98.27492167717688,
                19.080553791141963
              ],
              [
                -98.27454131230087,
                19.080799178263412
              ],
              [
                -98.27449855984325,
                19.080822975316654
              ],
              [
                -98.27442419328445,
                19.080848257421586
              ],
              [
                -98.27416836343403,
                19.081006768358023
              ],
              [
                -98.2741366841175,
                19.080996817651958
              ],
              [
                -98.27395101742088,
                19.080938500683946
              ],
              [
                -98.27376947149055,
                19.08108995379787
              ],
              [
                -98.27358443797873,
                19.080990187899506
              ],
              [
                -98.27348813999714,
                19.080938266588785
              ],
              [
                -98.27345659545905,
                19.080937529552163
              ],
              [
                -98.2734222591833,
                19.080771574628535
              ],
              [
                -98.27342453130437,
                19.07978376909824
              ],
              [
                -98.27342352992962,
                19.078976841245858
              ],
              [
                -98.27342330565564,
                19.078796757588606
              ],
              [
                -98.27342097864538,
                19.077810946271754
              ],
              [
                -98.27342279579919,
                19.077251769736176
              ],
              [
                -98.27239520853749,
                19.077320420182062
              ],
              [
                -98.27135839009871,
                19.0774132521547
              ],
              [
                -98.27135867069804,
                19.0773197217934
              ],
              [
                -98.27238609605945,
                19.077193938951947
              ],
              [
                -98.27341736546265,
                19.077106161700122
              ],
              [
                -98.27546270635645,
                19.076905845668723
              ],
              [
                -98.27629595841937,
                19.076828873886416
              ],
              [
                -98.27725362017196,
                19.076734182734228
              ],
              [
                -98.27761000737098,
                19.07670052656088
              ],
              [
                -98.27867337012056,
                19.07657080875714
              ],
              [
                -98.2794592038519,
                19.07648508168983
              ],
              [
                -98.27975137559989,
                19.07645320823432
              ],
              [
                -98.27972280432844,
                19.076590747996303
              ],
              [
                -98.27972070792775,
                19.076842044678525
              ],
              [
                -98.27980248863855,
                19.077048167496688
              ],
              [
                -98.27985726377446,
                19.077160620653945
              ],
              [
                -98.28019183027943,
                19.077798112572403
              ],
              [
                -98.28059420266878,
                19.07856794674162
              ],
              [
                -98.28068165614272,
                19.07873725632852
              ],
              [
                -98.2807606764475,
                19.07888684306145
              ],
              [
                -98.28118104326887,
                19.07975762223047
              ],
              [
                -98.28167012766623,
                19.080754679018955
              ],
              [
                -98.28179587446579,
                19.08099270951105
              ],
              [
                -98.28206488203776,
                19.08153726967674
              ],
              [
                -98.2821063048674,
                19.08162112217012
              ],
              [
                -98.28185544334131,
                19.082116194669073
              ],
              [
                -98.28182870338793,
                19.082217345138858
              ],
              [
                -98.28179135692407,
                19.082236575951875
              ],
              [
                -98.280790047245,
                19.08224806184027
              ],
              [
                -98.28073876798503,
                19.082250518641683
              ],
              [
                -98.28075426696087,
                19.082556220904298
              ],
              [
                -98.28068193314657,
                19.082552782904852
              ]
            ]
          ]
        ]
      }
    },
    {
      "type": "Feature",
      "properties": {
        "clave_ine": "211835",
        "seccion": 1835,
        "municipio": "San Pedro Cholula",
        "entidad": "Puebla"
      },
      "geometry": {
        "type": "MultiPolygon",
        "coordinates": [
          [
            [
              [
                -98.26995644275604,
                19.081749904679352
              ],
              [
                -98.26984200827648,
                19.08173883472923
              ],
              [
                -98.26980811061725,
                19.08173538296162
              ],
              [
                -98.26977585416088,
                19.08173071046142
              ],
              [
                -98.2685472535594,
                19.081523369312713
              ],
              [
                -98.26849345963653,
                19.081514290525302
              ],
              [
                -98.26825890866631,
                19.081474706431525
              ],
              [
                -98.26821231591393,
                19.081472340834658
              ],
              [
                -98.26820247202349,
                19.08079477625869
              ],
              [
                -98.26819946572931,
                19.080550815298405
              ],
              [
                -98.2682142479119,
                19.079792683937427
              ],
              [
                -98.26820414100776,
                19.079590334662615
              ],
              [
                -98.26820096930498,
                19.0788102262041
              ],
              [
                -98.26819534611272,
                19.078611739962053
              ],
              [
                -98.26819187737276,
                19.077598371944507
              ],
              [
                -98.26849265701095,
                19.07758112644663
              ],
              [
                -98.26926609996599,
                19.077532282218513
              ],
              [
                -98.26990699046185,
                19.07743423191078
              ],
              [
                -98.27046447558472,
                19.077363832502215
              ],
              [
                -98.27135867069804,
                19.0773197217934
              ],
              [
                -98.27135839009871,
                19.0774132521547
              ],
              [
                -98.27239520853749,
                19.077320420182062
              ],
              [
                -98.27342279579919,
                19.077251769736176
              ],
              [
                -98.27342097864538,
                19.077810946271754
              ],
              [
                -98.27342330565564,
                19.078796757588606
              ],
              [
                -98.27342352992962,
                19.078976841245858
              ],
              [
                -98.27342453130437,
                19.07978376909824
              ],
              [
                -98.2734222591833,
                19.080771574628535
              ],
              [
                -98.27345659545905,
                19.080937529552163
              ],
              [
                -98.27345776328917,
                19.080965079027127
              ],
              [
                -98.27331755267745,
                19.081250459826006
              ],
              [
                -98.27328864793733,
                19.08124792033707
              ],
              [
                -98.27242080442865,
                19.08114872975665
              ],
              [
                -98.27239154710912,
                19.081145530840484
              ],
              [
                -98.27238216959104,
                19.08103444590089
              ],
              [
                -98.27234118614982,
                19.081020484581646
              ],
              [
                -98.27212142032332,
                19.081059407883778
              ],
              [
                -98.27139320048002,
                19.081099555360904
              ],
              [
                -98.27135131450393,
                19.081083549695293
              ],
              [
                -98.27130205768651,
                19.081057012049047
              ],
              [
                -98.27088740414507,
                19.080933975325188
              ],
              [
                -98.2706595887691,
                19.080900238067176
              ],
              [
                -98.27057118468056,
                19.081109142437487
              ],
              [
                -98.27076979638308,
                19.081155292315714
              ],
              [
                -98.27062778185353,
                19.081502528559316
              ],
              [
                -98.27031793638393,
                19.08143325439589
              ],
              [
                -98.27023776108531,
                19.081581634037377
              ],
              [
                -98.27016567895137,
                19.081641567778515
              ],
              [
                -98.27011502954234,
                19.0817626070636
              ],
              [
                -98.26995644275604,
                19.081749904679352
              ]
            ]
          ]
        ]
      }
    },
    {
      "type": "Feature",
      "properties": {
        "clave_ine": "211836",
        "seccion": 1836,
        "municipio": "San Pedro Cholula",
        "entidad": "Puebla"
      },
      "geometry": {
        "type": "MultiPolygon",
        "coordinates": [
          [
            [
              [
                -98.2673314837409,
                19.08113721484551
              ],
              [
                -98.26690732619784,
                19.080916726844684
              ],
              [
                -98.26576810457043,
                19.08035404925878
              ],
              [
                -98.26566387363654,
                19.08030256678518
              ],
              [
                -98.26557521915495,
                19.080258778978376
              ],
              [
                -98.26503147207356,
                19.07996839062548
              ],
              [
                -98.2630616526684,
                19.078750941843207
              ],
              [
                -98.26209224937864,
                19.07815178695736
              ],
              [
                -98.26204547378566,
                19.078125269480875
              ],
              [
                -98.26139254154349,
                19.077763312333506
              ],
              [
                -98.26137418868466,
                19.077753156208388
              ],
              [
                -98.26083378360107,
                19.077495452509318
              ],
              [
                -98.26026500333866,
                19.07722421616679
              ],
              [
                -98.26009217454487,
                19.07714179822212
              ],
              [
                -98.25984869031163,
                19.077025685743955
              ],
              [
                -98.25987828132354,
                19.076952655331386
              ],
              [
                -98.26072012171714,
                19.075137308978046
              ],
              [
                -98.26085366613161,
                19.075035411586516
              ],
              [
                -98.26111489927668,
                19.075215685253166
              ],
              [
                -98.26156079915923,
                19.075523392702674
              ],
              [
                -98.26197715475118,
                19.0757909613254
              ],
              [
                -98.26278160513428,
                19.076356416816683
              ],
              [
                -98.26368327017296,
                19.076966168073938
              ],
              [
                -98.26392238295996,
                19.07709907058377
              ],
              [
                -98.26499426604786,
                19.07751572785132
              ],
              [
                -98.26550949637988,
                19.07766603805247
              ],
              [
                -98.2659847558204,
                19.077727107060646
              ],
              [
                -98.2668359730832,
                19.07771142957245
              ],
              [
                -98.26819187737276,
                19.077598371944507
              ],
              [
                -98.26819534611272,
                19.078611739962053
              ],
              [
                -98.26820096930498,
                19.0788102262041
              ],
              [
                -98.26820414100776,
                19.079590334662615
              ],
              [
                -98.2682142479119,
                19.079792683937427
              ],
              [
                -98.26819946572931,
                19.080550815298405
              ],
              [
                -98.26820247202349,
                19.08079477625869
              ],
              [
                -98.26821231591393,
                19.081472340834658
              ],
              [
                -98.26821118245961,
                19.081594502421755
              ],
              [
                -98.2673314837409,
                19.08113721484551
              ]
            ]
          ]
        ]
      }
    },
    {
      "type": "Feature",
      "properties": {
        "clave_ine": "211837",
        "seccion": 1837,
        "municipio": "San Pedro Cholula",
        "entidad": "Puebla"
      },
      "geometry": {
        "type": "MultiPolygon",
        "coordinates": [
          [
            [
              [
                -98.26278160513428,
                19.076356416816683
              ],
              [
                -98.26197715475118,
                19.0757909613254
              ],
              [
                -98.26156079915923,
                19.075523392702674
              ],
              [
                -98.26111489927668,
                19.075215685253166
              ],
              [
                -98.26123342854268,
                19.075127981499293
              ],
              [
                -98.26156412829853,
                19.074883286933808
              ],
              [
                -98.26139380009195,
                19.07474122328424
              ],
              [
                -98.26168283127122,
                19.074314428283394
              ],
              [
                -98.26172810166503,
                19.07420927766195
              ],
              [
                -98.26184394766783,
                19.073940196977063
              ],
              [
                -98.26181593001061,
                19.073893716772176
              ],
              [
                -98.26168990766463,
                19.073779002373815
              ],
              [
                -98.26137537416551,
                19.07368263714419
              ],
              [
                -98.26113113922838,
                19.07369455178425
              ],
              [
                -98.26074063636841,
                19.07346943340489
              ],
              [
                -98.26063288949199,
                19.07318443925966
              ],
              [
                -98.260820412948,
                19.07277035482591
              ],
              [
                -98.26105482302702,
                19.072339970902693
              ],
              [
                -98.26155770586465,
                19.071340394184396
              ],
              [
                -98.26219151325266,
                19.0717504672808
              ],
              [
                -98.26256251642886,
                19.071986957209905
              ],
              [
                -98.26299742391184,
                19.072277963728858
              ],
              [
                -98.26333508862989,
                19.072503317242155
              ],
              [
                -98.26336376154501,
                19.072522441161126
              ],
              [
                -98.263908563322,
                19.072885813846987
              ],
              [
                -98.26437570844746,
                19.072251401823614
              ],
              [
                -98.2648239671038,
                19.071642631652047
              ],
              [
                -98.26511918277411,
                19.071216517771994
              ],
              [
                -98.26539311968487,
                19.07083834046191
              ],
              [
                -98.26559612754716,
                19.070558080228363
              ],
              [
                -98.2663662499232,
                19.071031249879944
              ],
              [
                -98.26661807472856,
                19.071192898254733
              ],
              [
                -98.26703070934832,
                19.07145867758559
              ],
              [
                -98.26706472401479,
                19.071525825971506
              ],
              [
                -98.26750471422629,
                19.071801427806477
              ],
              [
                -98.26699440622573,
                19.072559221842106
              ],
              [
                -98.26672443578852,
                19.072377196479497
              ],
              [
                -98.26658754931618,
                19.072284901872592
              ],
              [
                -98.26647593322774,
                19.07244682712797
              ],
              [
                -98.26614282749001,
                19.07293007267451
              ],
              [
                -98.26585950315155,
                19.07331893602193
              ],
              [
                -98.26554985494427,
                19.07372980582808
              ],
              [
                -98.26502774273638,
                19.074939084430966
              ],
              [
                -98.26498708878803,
                19.075033241795694
              ],
              [
                -98.26497717952618,
                19.07505619338644
              ],
              [
                -98.26494966405949,
                19.075110050092682
              ],
              [
                -98.26492132115438,
                19.0751655283521
              ],
              [
                -98.26489703954876,
                19.075213056661738
              ],
              [
                -98.2647604321088,
                19.075526966950935
              ],
              [
                -98.26460350193325,
                19.075887577106922
              ],
              [
                -98.26445570698465,
                19.076240046842145
              ],
              [
                -98.26440986263724,
                19.076321508918245
              ],
              [
                -98.26405916709705,
                19.076605897994405
              ],
              [
                -98.26370170903124,
                19.076895770127514
              ],
              [
                -98.26368327017296,
                19.076966168073938
              ],
              [
                -98.26278160513428,
                19.076356416816683
              ]
            ]
          ]
        ]
      }
    },
    {
      "type": "Feature",
      "properties": {
        "clave_ine": "211838",
        "seccion": 1838,
        "municipio": "San Pedro Cholula",
        "entidad": "Puebla"
      },
      "geometry": {
        "type": "MultiPolygon",
        "coordinates": [
          [
            [
              [
                -98.26550949637988,
                19.07766603805247
              ],
              [
                -98.26499426604786,
                19.07751572785132
              ],
              [
                -98.26392238295996,
                19.07709907058377
              ],
              [
                -98.26368327017296,
                19.076966168073938
              ],
              [
                -98.26370170903124,
                19.076895770127514
              ],
              [
                -98.26405916709705,
                19.076605897994405
              ],
              [
                -98.26440986263724,
                19.076321508918245
              ],
              [
                -98.26445570698465,
                19.076240046842145
              ],
              [
                -98.26460350193325,
                19.075887577106922
              ],
              [
                -98.2647604321088,
                19.075526966950935
              ],
              [
                -98.26489703954876,
                19.075213056661738
              ],
              [
                -98.26492132115438,
                19.0751655283521
              ],
              [
                -98.26494966405949,
                19.075110050092682
              ],
              [
                -98.26497717952618,
                19.07505619338644
              ],
              [
                -98.26498708878803,
                19.075033241795694
              ],
              [
                -98.26502774273638,
                19.074939084430966
              ],
              [
                -98.26554985494427,
                19.07372980582808
              ],
              [
                -98.26568494744761,
                19.073808081252704
              ],
              [
                -98.26587873820907,
                19.073920367071604
              ],
              [
                -98.26636775746609,
                19.07419140887591
              ],
              [
                -98.26665645569018,
                19.07435142098252
              ],
              [
                -98.26694269846345,
                19.07450256479457
              ],
              [
                -98.26718426414736,
                19.074636451542283
              ],
              [
                -98.2684576899172,
                19.075336583080183
              ],
              [
                -98.26851207555434,
                19.075369350225973
              ],
              [
                -98.26873039188307,
                19.07550088261116
              ],
              [
                -98.26891549840416,
                19.075610980080306
              ],
              [
                -98.26910060517399,
                19.07572107737044
              ],
              [
                -98.26945607483133,
                19.075888066219633
              ],
              [
                -98.26958645038256,
                19.076108292829993
              ],
              [
                -98.26959922452484,
                19.076129871447527
              ],
              [
                -98.26963807929167,
                19.076179413637767
              ],
              [
                -98.26982250212507,
                19.076185963937498
              ],
              [
                -98.27001632198484,
                19.076232344918775
              ],
              [
                -98.2703705482526,
                19.076317110933992
              ],
              [
                -98.27073789070873,
                19.076437297291722
              ],
              [
                -98.27099038838755,
                19.076519876731687
              ],
              [
                -98.27178128200309,
                19.076778594803763
              ],
              [
                -98.2723462620047,
                19.07687818232302
              ],
              [
                -98.27302795030349,
                19.076880185557155
              ],
              [
                -98.27409835488203,
                19.076754065473086
              ],
              [
                -98.27419327361278,
                19.076721913055607
              ],
              [
                -98.27486116932434,
                19.076495953750282
              ],
              [
                -98.27542014368794,
                19.076246094758254
              ],
              [
                -98.27617940057856,
                19.07580838028904
              ],
              [
                -98.2769583937298,
                19.075348214218888
              ],
              [
                -98.27721364333524,
                19.075200983072648
              ],
              [
                -98.27779030260317,
                19.074871432230577
              ],
              [
                -98.27971181449638,
                19.07383942944613
              ],
              [
                -98.2813424452498,
                19.07302749043395
              ],
              [
                -98.2814951315324,
                19.072914822243327
              ],
              [
                -98.28286212977838,
                19.071906035063357
              ],
              [
                -98.28314997003285,
                19.071693619406595
              ],
              [
                -98.2841123677802,
                19.071898435141705
              ],
              [
                -98.28460213139282,
                19.071999279786326
              ],
              [
                -98.28485934678436,
                19.072047145428186
              ],
              [
                -98.28518768565624,
                19.072113513260977
              ],
              [
                -98.28549954964225,
                19.072190230991172
              ],
              [
                -98.28568987744237,
                19.072242230137093
              ],
              [
                -98.2859342996483,
                19.07234814219053
              ],
              [
                -98.28641253131545,
                19.072584334283874
              ],
              [
                -98.28670198738735,
                19.072778134213827
              ],
              [
                -98.28684387667633,
                19.07289845748863
              ],
              [
                -98.28697759493264,
                19.073008333852115
              ],
              [
                -98.28724200519478,
                19.07329577212664
              ],
              [
                -98.2874109906807,
                19.073483898143394
              ],
              [
                -98.28752807878692,
                19.073640577862665
              ],
              [
                -98.28761236135,
                19.0737841110819
              ],
              [
                -98.28778111172416,
                19.07405528284024
              ],
              [
                -98.28766501677259,
                19.074009492746793
              ],
              [
                -98.2875050066427,
                19.073946383271554
              ],
              [
                -98.28733949653054,
                19.073908540809338
              ],
              [
                -98.28701936365569,
                19.073937230395362
              ],
              [
                -98.28670472366494,
                19.073908579745318
              ],
              [
                -98.28641127980427,
                19.073830132350665
              ],
              [
                -98.28626109480517,
                19.07382334173145
              ],
              [
                -98.28604937237921,
                19.073813767902916
              ],
              [
                -98.28588846883312,
                19.073821844818536
              ],
              [
                -98.28578533654503,
                19.07382702215806
              ],
              [
                -98.28568220425261,
                19.073832199439686
              ],
              [
                -98.28541619180207,
                19.073835820137763
              ],
              [
                -98.28532825480188,
                19.07383701654148
              ],
              [
                -98.28445410341543,
                19.073836692761784
              ],
              [
                -98.28440244550869,
                19.07385600420388
              ],
              [
                -98.28402421319556,
                19.07396946563636
              ],
              [
                -98.28380983898167,
                19.074033773125212
              ],
              [
                -98.28340676268186,
                19.074178513419675
              ],
              [
                -98.28289744682971,
                19.074255313912673
              ],
              [
                -98.28279943506203,
                19.074267868356763
              ],
              [
                -98.28232745741201,
                19.0743047331579
              ],
              [
                -98.28192107949558,
                19.074337317429123
              ],
              [
                -98.28194252174517,
                19.074170662814655
              ],
              [
                -98.28131324367568,
                19.07425701109755
              ],
              [
                -98.28125985194556,
                19.07426434350572
              ],
              [
                -98.2810421535926,
                19.07461995220642
              ],
              [
                -98.28086082451125,
                19.074533662428994
              ],
              [
                -98.28071817420066,
                19.07465297705923
              ],
              [
                -98.28035081635844,
                19.075252906815198
              ],
              [
                -98.27993481289546,
                19.07595460894248
              ],
              [
                -98.27992875670286,
                19.076082353765145
              ],
              [
                -98.27991348566631,
                19.0762404108059
              ],
              [
                -98.27986154367834,
                19.076241809302623
              ],
              [
                -98.27982423704181,
                19.07624285015062
              ],
              [
                -98.27976050886888,
                19.07624492193041
              ],
              [
                -98.27975729310847,
                19.076288307974405
              ],
              [
                -98.27975096152882,
                19.076373726702418
              ],
              [
                -98.27974859258804,
                19.076405690516523
              ],
              [
                -98.27975137559989,
                19.07645320823432
              ],
              [
                -98.2794592038519,
                19.07648508168983
              ],
              [
                -98.27867337012056,
                19.07657080875714
              ],
              [
                -98.27761000737098,
                19.07670052656088
              ],
              [
                -98.27725362017196,
                19.076734182734228
              ],
              [
                -98.27629595841937,
                19.076828873886416
              ],
              [
                -98.27546270635645,
                19.076905845668723
              ],
              [
                -98.27341736546265,
                19.077106161700122
              ],
              [
                -98.27238609605945,
                19.077193938951947
              ],
              [
                -98.27135867069804,
                19.0773197217934
              ],
              [
                -98.27046447558472,
                19.077363832502215
              ],
              [
                -98.26990699046185,
                19.07743423191078
              ],
              [
                -98.26926609996599,
                19.077532282218513
              ],
              [
                -98.26849265701095,
                19.07758112644663
              ],
              [
                -98.26819187737276,
                19.077598371944507
              ],
              [
                -98.2668359730832,
                19.07771142957245
              ],
              [
                -98.2659847558204,
                19.077727107060646
              ],
              [
                -98.26550949637988,
                19.07766603805247
              ]
            ]
          ]
        ]
      }
    },
    {
      "type": "Feature",
      "properties": {
        "clave_ine": "211839",
        "seccion": 1839,
        "municipio": "San Pedro Cholula",
        "entidad": "Puebla"
      },
      "geometry": {
        "type": "MultiPolygon",
        "coordinates": [
          [
            [
              [
                -98.27178128200309,
                19.076778594803763
              ],
              [
                -98.27099038838755,
                19.076519876731687
              ],
              [
                -98.27073789070873,
                19.076437297291722
              ],
              [
                -98.2703705482526,
                19.076317110933992
              ],
              [
                -98.27001632198484,
                19.076232344918775
              ],
              [
                -98.26982250212507,
                19.076185963937498
              ],
              [
                -98.26963807929167,
                19.076179413637767
              ],
              [
                -98.26959922452484,
                19.076129871447527
              ],
              [
                -98.26958645038256,
                19.076108292829993
              ],
              [
                -98.26945607483133,
                19.075888066219633
              ],
              [
                -98.26910060517399,
                19.07572107737044
              ],
              [
                -98.26891549840416,
                19.075610980080306
              ],
              [
                -98.26873039188307,
                19.07550088261116
              ],
              [
                -98.26851207555434,
                19.075369350225973
              ],
              [
                -98.2684576899172,
                19.075336583080183
              ],
              [
                -98.26718426414736,
                19.074636451542283
              ],
              [
                -98.26694269846345,
                19.07450256479457
              ],
              [
                -98.26665645569018,
                19.07435142098252
              ],
              [
                -98.26636775746609,
                19.07419140887591
              ],
              [
                -98.26587873820907,
                19.073920367071604
              ],
              [
                -98.26568494744761,
                19.073808081252704
              ],
              [
                -98.26554985494427,
                19.07372980582808
              ],
              [
                -98.26585950315155,
                19.07331893602193
              ],
              [
                -98.26614282749001,
                19.07293007267451
              ],
              [
                -98.26647593322774,
                19.07244682712797
              ],
              [
                -98.26658754931618,
                19.072284901872592
              ],
              [
                -98.26672443578852,
                19.072377196479497
              ],
              [
                -98.26699440622573,
                19.072559221842106
              ],
              [
                -98.26734746401756,
                19.072814709116237
              ],
              [
                -98.26741228919036,
                19.07286161942268
              ],
              [
                -98.26753946127829,
                19.072950358544794
              ],
              [
                -98.26782108924358,
                19.073146876543728
              ],
              [
                -98.26795489300468,
                19.07295407858092
              ],
              [
                -98.26808126551217,
                19.072781879843127
              ],
              [
                -98.26830589474297,
                19.072448759889934
              ],
              [
                -98.26836761223004,
                19.072357233706565
              ],
              [
                -98.26905549541729,
                19.07128384972097
              ],
              [
                -98.26908765577066,
                19.071233666211924
              ],
              [
                -98.26893640814237,
                19.070842720154634
              ],
              [
                -98.26914531444794,
                19.07071596602309
              ],
              [
                -98.26961723718979,
                19.070437183265007
              ],
              [
                -98.27028208728115,
                19.070051935545905
              ],
              [
                -98.27043921127921,
                19.069994346899875
              ],
              [
                -98.27053340483018,
                19.069961012242114
              ],
              [
                -98.27098926582406,
                19.069895344217873
              ],
              [
                -98.2713308477475,
                19.06984613820556
              ],
              [
                -98.27158265946038,
                19.069809863276642
              ],
              [
                -98.27196982604409,
                19.069754089050228
              ],
              [
                -98.272168142768,
                19.069731370066638
              ],
              [
                -98.2724313186362,
                19.069701221647023
              ],
              [
                -98.27324078687303,
                19.069500961358848
              ],
              [
                -98.27417811673595,
                19.069269064057575
              ],
              [
                -98.27505730261213,
                19.069044705236845
              ],
              [
                -98.27551897905884,
                19.068930089637863
              ],
              [
                -98.27574401503182,
                19.068873765339955
              ],
              [
                -98.27615961955587,
                19.06877268451926
              ],
              [
                -98.27638724567893,
                19.06871732209296
              ],
              [
                -98.2767799399448,
                19.068624100759425
              ],
              [
                -98.2768339154981,
                19.06860602864305
              ],
              [
                -98.27715640175482,
                19.068498052944385
              ],
              [
                -98.27732823058388,
                19.068476140889317
              ],
              [
                -98.2774413117042,
                19.068446205885337
              ],
              [
                -98.27785707385517,
                19.068336142577245
              ],
              [
                -98.27815449644343,
                19.068257406652837
              ],
              [
                -98.27894113923097,
                19.068049158493118
              ],
              [
                -98.27915029288266,
                19.067994600588655
              ],
              [
                -98.27925661974626,
                19.06797054738275
              ],
              [
                -98.27932113357188,
                19.067955952494046
              ],
              [
                -98.27944309341422,
                19.06792836170635
              ],
              [
                -98.27974100166331,
                19.06786096748062
              ],
              [
                -98.2798955120535,
                19.067823298854666
              ],
              [
                -98.28038302783845,
                19.06770444661174
              ],
              [
                -98.28045145681494,
                19.06768776367347
              ],
              [
                -98.2805767698816,
                19.06765721291781
              ],
              [
                -98.28072113084704,
                19.06762201810984
              ],
              [
                -98.28089177663246,
                19.06758189925529
              ],
              [
                -98.28140424625282,
                19.067455476322458
              ],
              [
                -98.28150954029056,
                19.067435396789275
              ],
              [
                -98.2818384244155,
                19.067356380642472
              ],
              [
                -98.28246950903255,
                19.06720475757606
              ],
              [
                -98.28287168823128,
                19.067108129482044
              ],
              [
                -98.28315148507949,
                19.06702767660168
              ],
              [
                -98.28334883162023,
                19.06697093160421
              ],
              [
                -98.28364918256499,
                19.066883109465667
              ],
              [
                -98.28391001956889,
                19.066811447134207
              ],
              [
                -98.2843631642877,
                19.066686949889778
              ],
              [
                -98.28463658605821,
                19.0666118298598
              ],
              [
                -98.28499917328745,
                19.06650474033538
              ],
              [
                -98.2857438002536,
                19.066287168714318
              ],
              [
                -98.28594451694433,
                19.066229611560857
              ],
              [
                -98.28631828173397,
                19.066118497786967
              ],
              [
                -98.28657142788548,
                19.06603962823829
              ],
              [
                -98.28754459880582,
                19.065781920069334
              ],
              [
                -98.28731614785181,
                19.06726851714136
              ],
              [
                -98.28709241247648,
                19.068724395844416
              ],
              [
                -98.28642103694676,
                19.069230040392203
              ],
              [
                -98.285791438383,
                19.06970421532588
              ],
              [
                -98.28540095982997,
                19.069998297813978
              ],
              [
                -98.28517025792362,
                19.070172045869057
              ],
              [
                -98.28487742849684,
                19.070392583390362
              ],
              [
                -98.28429554898452,
                19.070830836697162
              ],
              [
                -98.28375285836542,
                19.071239570704524
              ],
              [
                -98.28314997003285,
                19.071693619406595
              ],
              [
                -98.28286212977838,
                19.071906035063357
              ],
              [
                -98.2814951315324,
                19.072914822243327
              ],
              [
                -98.2813424452498,
                19.07302749043395
              ],
              [
                -98.27971181449638,
                19.07383942944613
              ],
              [
                -98.27779030260317,
                19.074871432230577
              ],
              [
                -98.27721364333524,
                19.075200983072648
              ],
              [
                -98.2769583937298,
                19.075348214218888
              ],
              [
                -98.27617940057856,
                19.07580838028904
              ],
              [
                -98.27542014368794,
                19.076246094758254
              ],
              [
                -98.27486116932434,
                19.076495953750282
              ],
              [
                -98.27419327361278,
                19.076721913055607
              ],
              [
                -98.27409835488203,
                19.076754065473086
              ],
              [
                -98.27302795030349,
                19.076880185557155
              ],
              [
                -98.2723462620047,
                19.07687818232302
              ],
              [
                -98.27178128200309,
                19.076778594803763
              ]
            ]
          ]
        ]
      }
    },
    {
      "type": "Feature",
      "properties": {
        "clave_ine": "211840",
        "seccion": 1840,
        "municipio": "San Pedro Cholula",
        "entidad": "Puebla"
      },
      "geometry": {
        "type": "MultiPolygon",
        "coordinates": [
          [
            [
              [
                -98.26753946127829,
                19.072950358544794
              ],
              [
                -98.26741228919036,
                19.07286161942268
              ],
              [
                -98.26734746401756,
                19.072814709116237
              ],
              [
                -98.26699440622573,
                19.072559221842106
              ],
              [
                -98.26750471422629,
                19.071801427806477
              ],
              [
                -98.26706472401479,
                19.071525825971506
              ],
              [
                -98.26703070934832,
                19.07145867758559
              ],
              [
                -98.26661807472856,
                19.071192898254733
              ],
              [
                -98.2663662499232,
                19.071031249879944
              ],
              [
                -98.26559612754716,
                19.070558080228363
              ],
              [
                -98.26539311968487,
                19.07083834046191
              ],
              [
                -98.26511918277411,
                19.071216517771994
              ],
              [
                -98.2648239671038,
                19.071642631652047
              ],
              [
                -98.26437570844746,
                19.072251401823614
              ],
              [
                -98.263908563322,
                19.072885813846987
              ],
              [
                -98.26336376154501,
                19.072522441161126
              ],
              [
                -98.26333508862989,
                19.072503317242155
              ],
              [
                -98.26299742391184,
                19.072277963728858
              ],
              [
                -98.26256251642886,
                19.071986957209905
              ],
              [
                -98.26219151325266,
                19.0717504672808
              ],
              [
                -98.26155770586465,
                19.071340394184396
              ],
              [
                -98.261677343309,
                19.071083536765823
              ],
              [
                -98.26219177828732,
                19.069979045499103
              ],
              [
                -98.26238565419062,
                19.069525703286597
              ],
              [
                -98.26248548306145,
                19.069351449353523
              ],
              [
                -98.26254573449643,
                19.069246277896973
              ],
              [
                -98.2628559644887,
                19.06870475971821
              ],
              [
                -98.2629308388692,
                19.068583284117086
              ],
              [
                -98.26334592139155,
                19.0679098538792
              ],
              [
                -98.26373490839181,
                19.06727875538162
              ],
              [
                -98.26398294363135,
                19.066876335899703
              ],
              [
                -98.26414342576717,
                19.06661663923422
              ],
              [
                -98.26421010512327,
                19.066536602175763
              ],
              [
                -98.26443689660171,
                19.06626438231791
              ],
              [
                -98.26485266678432,
                19.065765324974482
              ],
              [
                -98.26509168252274,
                19.06547842890604
              ],
              [
                -98.26517458506127,
                19.06537891802863
              ],
              [
                -98.2653168586447,
                19.0652695419839
              ],
              [
                -98.26534683328472,
                19.06525141649579
              ],
              [
                -98.2653756643012,
                19.065030095066934
              ],
              [
                -98.26539380468715,
                19.0649279150751
              ],
              [
                -98.26540547144937,
                19.06485880472732
              ],
              [
                -98.26545180455552,
                19.064666577212016
              ],
              [
                -98.26565759171886,
                19.063989200476232
              ],
              [
                -98.26593268809822,
                19.063042997045166
              ],
              [
                -98.26597289231044,
                19.06289340156419
              ],
              [
                -98.26597010219872,
                19.06281428747028
              ],
              [
                -98.26621640487367,
                19.06193763987387
              ],
              [
                -98.26634854954705,
                19.06148846970472
              ],
              [
                -98.26637434888211,
                19.06139931797775
              ],
              [
                -98.26642221415369,
                19.061282202108856
              ],
              [
                -98.26646856901718,
                19.06121201950562
              ],
              [
                -98.26647429106912,
                19.061065126200383
              ],
              [
                -98.26681339695067,
                19.059827935004893
              ],
              [
                -98.26685815604752,
                19.05966463639288
              ],
              [
                -98.26716377960331,
                19.05855287365085
              ],
              [
                -98.26721844282619,
                19.058379430399164
              ],
              [
                -98.26736196613552,
                19.05792403084104
              ],
              [
                -98.26751182665492,
                19.057449382976362
              ],
              [
                -98.26780898212273,
                19.056500235607036
              ],
              [
                -98.26786552842047,
                19.056315120982507
              ],
              [
                -98.26790094934792,
                19.056199161666935
              ],
              [
                -98.26799860479964,
                19.055884307942538
              ],
              [
                -98.2680269968651,
                19.055790593417985
              ],
              [
                -98.26814746176889,
                19.055386671447085
              ],
              [
                -98.26817972163184,
                19.055284081579735
              ],
              [
                -98.2683663511046,
                19.05469209781978
              ],
              [
                -98.26845822555399,
                19.054388724995547
              ],
              [
                -98.26858790556302,
                19.05396037223371
              ],
              [
                -98.26879325404768,
                19.053282066041074
              ],
              [
                -98.2689045368308,
                19.052915384819375
              ],
              [
                -98.26899836380619,
                19.05260622026918
              ],
              [
                -98.26901211052405,
                19.05256200310053
              ],
              [
                -98.2692191914604,
                19.05187810011988
              ],
              [
                -98.26934827567965,
                19.05145247704031
              ],
              [
                -98.26945594963331,
                19.0510974469905
              ],
              [
                -98.26956874074033,
                19.050726776788732
              ],
              [
                -98.26980750062438,
                19.049965688932943
              ],
              [
                -98.2701975311893,
                19.050034057692187
              ],
              [
                -98.27089529291601,
                19.05015636719115
              ],
              [
                -98.2710231596269,
                19.050181210805345
              ],
              [
                -98.27149754312514,
                19.050269996619733
              ],
              [
                -98.27302041054696,
                19.05055500980798
              ],
              [
                -98.27343275846414,
                19.05062745769399
              ],
              [
                -98.27388824768217,
                19.050687697221043
              ],
              [
                -98.2739475428074,
                19.050695539668748
              ],
              [
                -98.27436432780708,
                19.050757484710484
              ],
              [
                -98.27568196246682,
                19.050990067629563
              ],
              [
                -98.2763138639039,
                19.051022990238945
              ],
              [
                -98.27644109120692,
                19.051120064508417
              ],
              [
                -98.27573940083434,
                19.052003366809817
              ],
              [
                -98.27554465145906,
                19.052248519973677
              ],
              [
                -98.27539723332335,
                19.052434090314435
              ],
              [
                -98.2753667895648,
                19.05246801792487
              ],
              [
                -98.27533258412794,
                19.052506138416646
              ],
              [
                -98.27507934719593,
                19.052818528478674
              ],
              [
                -98.27501798723523,
                19.05289422046947
              ],
              [
                -98.27493325921711,
                19.053030190915447
              ],
              [
                -98.27484853105828,
                19.053166161315968
              ],
              [
                -98.274807420642,
                19.053232134805285
              ],
              [
                -98.27477661274678,
                19.053281562146427
              ],
              [
                -98.27469562056865,
                19.053411544730526
              ],
              [
                -98.27466470019772,
                19.05346125175694
              ],
              [
                -98.27462556245963,
                19.053523975092027
              ],
              [
                -98.2743008019706,
                19.054043316161298
              ],
              [
                -98.27427900270399,
                19.054081941588127
              ],
              [
                -98.27426077012511,
                19.05411336223486
              ],
              [
                -98.27419566891496,
                19.054228545609888
              ],
              [
                -98.27417805512462,
                19.05426081003067
              ],
              [
                -98.27415517546223,
                19.05430134885509
              ],
              [
                -98.27402743163783,
                19.05452769553763
              ],
              [
                -98.2739918683771,
                19.054590709311608
              ],
              [
                -98.27386361123057,
                19.054818290110866
              ],
              [
                -98.27379251428118,
                19.05494444601903
              ],
              [
                -98.2737795163544,
                19.05496337449899
              ],
              [
                -98.27367755853342,
                19.055111858770598
              ],
              [
                -98.27342462674596,
                19.0554802094393
              ],
              [
                -98.27339011650511,
                19.05553046238267
              ],
              [
                -98.2732932883388,
                19.05567147398683
              ],
              [
                -98.27252991354813,
                19.05678317069389
              ],
              [
                -98.27177573727263,
                19.05805804870709
              ],
              [
                -98.27143730886625,
                19.058630133507627
              ],
              [
                -98.27198186150562,
                19.058812277373146
              ],
              [
                -98.27201747683635,
                19.058824190455454
              ],
              [
                -98.27178424491339,
                19.05945336307856
              ],
              [
                -98.27180292520526,
                19.05949685530742
              ],
              [
                -98.27039519788941,
                19.05948730075658
              ],
              [
                -98.26883416714405,
                19.05949904468193
              ],
              [
                -98.26991892136665,
                19.059673270834015
              ],
              [
                -98.27023744662173,
                19.059754670535316
              ],
              [
                -98.26858580948706,
                19.05982788716765
              ],
              [
                -98.2690424641691,
                19.05995119536558
              ],
              [
                -98.26981719197218,
                19.059988498863667
              ],
              [
                -98.2704613106192,
                19.059985363395295
              ],
              [
                -98.27116605023198,
                19.059981435827208
              ],
              [
                -98.2713459673373,
                19.059982146433263
              ],
              [
                -98.27193374143775,
                19.05997818595165
              ],
              [
                -98.27362559137953,
                19.0599699249509
              ],
              [
                -98.27386650301406,
                19.059968747696026
              ],
              [
                -98.27407512451931,
                19.059970038530224
              ],
              [
                -98.27428563062848,
                19.059971341059644
              ],
              [
                -98.27448159646411,
                19.05997048325272
              ],
              [
                -98.27495525179819,
                19.059968407681506
              ],
              [
                -98.27525528184012,
                19.059967092201582
              ],
              [
                -98.2757507246238,
                19.0599649194249
              ],
              [
                -98.27582878441109,
                19.059964576953096
              ],
              [
                -98.27668931551578,
                19.059951129009317
              ],
              [
                -98.27715141565444,
                19.05995526969729
              ],
              [
                -98.27721904164775,
                19.059955875318344
              ],
              [
                -98.27727314206167,
                19.059956360157315
              ],
              [
                -98.27745503791387,
                19.059957989817086
              ],
              [
                -98.27829656752662,
                19.059959528352298
              ],
              [
                -98.27940118242073,
                19.05996154125672
              ],
              [
                -98.27951922131699,
                19.059961756409084
              ],
              [
                -98.27954371039185,
                19.05975905133736
              ],
              [
                -98.27962633212549,
                19.059759130832465
              ],
              [
                -98.28216878495964,
                19.059761549695192
              ],
              [
                -98.28230953886155,
                19.059798317796243
              ],
              [
                -98.28251656367691,
                19.05988583268711
              ],
              [
                -98.28268910903783,
                19.05998662160521
              ],
              [
                -98.2829956660477,
                19.06026675846724
              ],
              [
                -98.28313244468801,
                19.060343638698516
              ],
              [
                -98.28329129873175,
                19.06043749847658
              ],
              [
                -98.28352757823627,
                19.06041859966591
              ],
              [
                -98.2837434430035,
                19.060300535278305
              ],
              [
                -98.28377353040791,
                19.06025039694178
              ],
              [
                -98.28383440489893,
                19.060148957185703
              ],
              [
                -98.28385657798316,
                19.05978250609248
              ],
              [
                -98.28385836719575,
                19.059752930193863
              ],
              [
                -98.28422260677705,
                19.05975682422616
              ],
              [
                -98.28560449298952,
                19.05977158921206
              ],
              [
                -98.28633093716113,
                19.059958804609742
              ],
              [
                -98.28448835615949,
                19.060010940791624
              ],
              [
                -98.28432198945274,
                19.060043224832466
              ],
              [
                -98.28413539238423,
                19.06015037644753
              ],
              [
                -98.2838321248146,
                19.060496323277967
              ],
              [
                -98.2835735956089,
                19.06062491295175
              ],
              [
                -98.28330096227714,
                19.06063773867088
              ],
              [
                -98.28300131033379,
                19.060500525930003
              ],
              [
                -98.28236156652721,
                19.061490638305667
              ],
              [
                -98.28075273720371,
                19.06399438176579
              ],
              [
                -98.28078181288869,
                19.063998058437743
              ],
              [
                -98.28181784098305,
                19.06417401121225
              ],
              [
                -98.28392478499428,
                19.06453432370531
              ],
              [
                -98.28399888963611,
                19.064546995738194
              ],
              [
                -98.28457147131674,
                19.0646449098123
              ],
              [
                -98.28464963617049,
                19.064658276016473
              ],
              [
                -98.2859169444792,
                19.06487498329227
              ],
              [
                -98.28612801177522,
                19.064910394105933
              ],
              [
                -98.28616869591495,
                19.064917052809555
              ],
              [
                -98.28657308752167,
                19.064985808719598
              ],
              [
                -98.28699555194926,
                19.0650578977967
              ],
              [
                -98.28705976473103,
                19.065068854905775
              ],
              [
                -98.28801575567124,
                19.065231981874646
              ],
              [
                -98.28798871912365,
                19.065334068701006
              ],
              [
                -98.28814881981303,
                19.06533669011457
              ],
              [
                -98.2884204806138,
                19.065361775951466
              ],
              [
                -98.28946219330308,
                19.06518609287573
              ],
              [
                -98.28941448004271,
                19.06526742889467
              ],
              [
                -98.28754459880582,
                19.065781920069334
              ],
              [
                -98.28657142788548,
                19.06603962823829
              ],
              [
                -98.28631828173397,
                19.066118497786967
              ],
              [
                -98.28594451694433,
                19.066229611560857
              ],
              [
                -98.2857438002536,
                19.066287168714318
              ],
              [
                -98.28499917328745,
                19.06650474033538
              ],
              [
                -98.28463658605821,
                19.0666118298598
              ],
              [
                -98.2843631642877,
                19.066686949889778
              ],
              [
                -98.28391001956889,
                19.066811447134207
              ],
              [
                -98.28364918256499,
                19.066883109465667
              ],
              [
                -98.28334883162023,
                19.06697093160421
              ],
              [
                -98.28315148507949,
                19.06702767660168
              ],
              [
                -98.28287168823128,
                19.067108129482044
              ],
              [
                -98.28246950903255,
                19.06720475757606
              ],
              [
                -98.2818384244155,
                19.067356380642472
              ],
              [
                -98.28150954029056,
                19.067435396789275
              ],
              [
                -98.28140424625282,
                19.067455476322458
              ],
              [
                -98.28089177663246,
                19.06758189925529
              ],
              [
                -98.28072113084704,
                19.06762201810984
              ],
              [
                -98.2805767698816,
                19.06765721291781
              ],
              [
                -98.28045145681494,
                19.06768776367347
              ],
              [
                -98.28038302783845,
                19.06770444661174
              ],
              [
                -98.2798955120535,
                19.067823298854666
              ],
              [
                -98.27974100166331,
                19.06786096748062
              ],
              [
                -98.27944309341422,
                19.06792836170635
              ],
              [
                -98.27932113357188,
                19.067955952494046
              ],
              [
                -98.27925661974626,
                19.06797054738275
              ],
              [
                -98.27915029288266,
                19.067994600588655
              ],
              [
                -98.27894113923097,
                19.068049158493118
              ],
              [
                -98.27815449644343,
                19.068257406652837
              ],
              [
                -98.27785707385517,
                19.068336142577245
              ],
              [
                -98.2774413117042,
                19.068446205885337
              ],
              [
                -98.27732823058388,
                19.068476140889317
              ],
              [
                -98.27715640175482,
                19.068498052944385
              ],
              [
                -98.2768339154981,
                19.06860602864305
              ],
              [
                -98.2767799399448,
                19.068624100759425
              ],
              [
                -98.27638724567893,
                19.06871732209296
              ],
              [
                -98.27615961955587,
                19.06877268451926
              ],
              [
                -98.27574401503182,
                19.068873765339955
              ],
              [
                -98.27551897905884,
                19.068930089637863
              ],
              [
                -98.27505730261213,
                19.069044705236845
              ],
              [
                -98.27417811673595,
                19.069269064057575
              ],
              [
                -98.27324078687303,
                19.069500961358848
              ],
              [
                -98.2724313186362,
                19.069701221647023
              ],
              [
                -98.272168142768,
                19.069731370066638
              ],
              [
                -98.27196982604409,
                19.069754089050228
              ],
              [
                -98.27158265946038,
                19.069809863276642
              ],
              [
                -98.2713308477475,
                19.06984613820556
              ],
              [
                -98.27098926582406,
                19.069895344217873
              ],
              [
                -98.27053340483018,
                19.069961012242114
              ],
              [
                -98.27043921127921,
                19.069994346899875
              ],
              [
                -98.27028208728115,
                19.070051935545905
              ],
              [
                -98.26961723718979,
                19.070437183265007
              ],
              [
                -98.26914531444794,
                19.07071596602309
              ],
              [
                -98.26893640814237,
                19.070842720154634
              ],
              [
                -98.26908765577066,
                19.071233666211924
              ],
              [
                -98.26905549541729,
                19.07128384972097
              ],
              [
                -98.26836761223004,
                19.072357233706565
              ],
              [
                -98.26830589474297,
                19.072448759889934
              ],
              [
                -98.26808126551217,
                19.072781879843127
              ],
              [
                -98.26795489300468,
                19.07295407858092
              ],
              [
                -98.26782108924358,
                19.073146876543728
              ],
              [
                -98.26753946127829,
                19.072950358544794
              ]
            ]
          ]
        ]
      }
    },
    {
      "type": "Feature",
      "properties": {
        "clave_ine": "211841",
        "seccion": 1841,
        "municipio": "San Pedro Cholula",
        "entidad": "Puebla"
      },
      "geometry": {
        "type": "MultiPolygon",
        "coordinates": [
          [
            [
              [
                -98.35070647401639,
                19.06157093776304
              ],
              [
                -98.34996866556553,
                19.060726807054504
              ],
              [
                -98.34950260376534,
                19.059820913823994
              ],
              [
                -98.34951064709213,
                19.059762415685384
              ],
              [
                -98.3488787760977,
                19.05799145814217
              ],
              [
                -98.34897779787053,
                19.05791559076569
              ],
              [
                -98.3498080080974,
                19.05607657924796
              ],
              [
                -98.35039179411368,
                19.05465295896656
              ],
              [
                -98.35124556094664,
                19.054962306040867
              ],
              [
                -98.35150398151133,
                19.0542954520787
              ],
              [
                -98.35165442853997,
                19.053907249299186
              ],
              [
                -98.3507953182437,
                19.053579146827364
              ],
              [
                -98.35207794107866,
                19.05039441607099
              ],
              [
                -98.35258546663326,
                19.049134199798072
              ],
              [
                -98.35380175988138,
                19.048378604291315
              ],
              [
                -98.35401192112711,
                19.04824804400369
              ],
              [
                -98.35443462458439,
                19.04809913487954
              ],
              [
                -98.35539965120257,
                19.047759171647275
              ],
              [
                -98.35594119192163,
                19.047565858488053
              ],
              [
                -98.35724207540653,
                19.04710147694368
              ],
              [
                -98.35961991237649,
                19.046252619414766
              ],
              [
                -98.36033425762652,
                19.045998426804033
              ],
              [
                -98.3606751209961,
                19.04589212267682
              ],
              [
                -98.3610624984041,
                19.045771310610835
              ],
              [
                -98.36127449124574,
                19.04570519598591
              ],
              [
                -98.36196580423601,
                19.045492801939297
              ],
              [
                -98.36374212196779,
                19.044947045426152
              ],
              [
                -98.36410839222562,
                19.044838936323284
              ],
              [
                -98.36476033911806,
                19.044639642757062
              ],
              [
                -98.36691380823294,
                19.044428143566925
              ],
              [
                -98.36834536443605,
                19.044287531188555
              ],
              [
                -98.37009995429155,
                19.04443603847649
              ],
              [
                -98.37079875263218,
                19.045781127298568
              ],
              [
                -98.37123197652606,
                19.045838257941373
              ],
              [
                -98.37244314214065,
                19.051628401895847
              ],
              [
                -98.37362087616147,
                19.052174681756973
              ],
              [
                -98.37207359649021,
                19.05507821554531
              ],
              [
                -98.37120575417543,
                19.055227441770086
              ],
              [
                -98.37029128186174,
                19.05579236414125
              ],
              [
                -98.36926292183024,
                19.056443422829417
              ],
              [
                -98.36847835173316,
                19.057501840085457
              ],
              [
                -98.36793413260027,
                19.058843410740383
              ],
              [
                -98.3618249475289,
                19.059459332750045
              ],
              [
                -98.35926827163517,
                19.05969890177807
              ],
              [
                -98.3589234924188,
                19.06008179244935
              ],
              [
                -98.35631098268799,
                19.062983007616005
              ],
              [
                -98.35200684408424,
                19.063924870104145
              ],
              [
                -98.35070647401639,
                19.06157093776304
              ]
            ]
          ]
        ]
      }
    },
    {
      "type": "Feature",
      "properties": {
        "clave_ine": "211842",
        "seccion": 1842,
        "municipio": "San Pedro Cholula",
        "entidad": "Puebla"
      },
      "geometry": {
        "type": "MultiPolygon",
        "coordinates": [
          [
            [
              [
                -98.35395445021203,
                19.065309021284097
              ],
              [
                -98.34079819175689,
                19.062152491039928
              ],
              [
                -98.34074415203803,
                19.062128100973528
              ],
              [
                -98.34049987940448,
                19.061486157738468
              ],
              [
                -98.34034037135393,
                19.061393651655482
              ],
              [
                -98.34022212336897,
                19.061420731596506
              ],
              [
                -98.34009479331463,
                19.06136127807764
              ],
              [
                -98.3398536857644,
                19.061126303632623
              ],
              [
                -98.33949295267884,
                19.060890900674632
              ],
              [
                -98.3394228676566,
                19.060876600608836
              ],
              [
                -98.33915089599083,
                19.060821108254977
              ],
              [
                -98.33893401641275,
                19.060776855397048
              ],
              [
                -98.33889012542213,
                19.06072358138107
              ],
              [
                -98.33888838878168,
                19.060699178468223
              ],
              [
                -98.33888455550861,
                19.060645282533233
              ],
              [
                -98.33918727389538,
                19.06067432340125
              ],
              [
                -98.33952798035943,
                19.060762208711942
              ],
              [
                -98.33964138348126,
                19.060809134264954
              ],
              [
                -98.33984792922557,
                19.060894750320486
              ],
              [
                -98.33989546911252,
                19.060769115131215
              ],
              [
                -98.33978676261049,
                19.060749157131532
              ],
              [
                -98.33971141631834,
                19.06047211661282
              ],
              [
                -98.3397440119732,
                19.060407933021985
              ],
              [
                -98.34001775989353,
                19.060327838320696
              ],
              [
                -98.34005665577172,
                19.06015744277026
              ],
              [
                -98.34009217975472,
                19.06009606477561
              ],
              [
                -98.34016590278884,
                19.060040415571624
              ],
              [
                -98.34012737675432,
                19.05994506687344
              ],
              [
                -98.34050485054036,
                19.059829156681893
              ],
              [
                -98.34044094307409,
                19.059633232311416
              ],
              [
                -98.33998167330171,
                19.059788146966486
              ],
              [
                -98.34016459934756,
                19.058883007354495
              ],
              [
                -98.34014791276434,
                19.05883935606914
              ],
              [
                -98.34051769260797,
                19.058732527708486
              ],
              [
                -98.34093617885668,
                19.05859908463051
              ],
              [
                -98.34136607761486,
                19.058540090548476
              ],
              [
                -98.34139037682723,
                19.058500780703408
              ],
              [
                -98.34140041647838,
                19.058433710233036
              ],
              [
                -98.34146684793075,
                19.058362137182034
              ],
              [
                -98.34200900368438,
                19.0572851602725
              ],
              [
                -98.34200200166967,
                19.05714115801717
              ],
              [
                -98.34273377131788,
                19.055703000399905
              ],
              [
                -98.34272737778781,
                19.055643715546054
              ],
              [
                -98.34252781397223,
                19.055515810266908
              ],
              [
                -98.34252519978305,
                19.055475687710214
              ],
              [
                -98.3427407989781,
                19.055034017073353
              ],
              [
                -98.34276960863195,
                19.054884473321735
              ],
              [
                -98.34274050089742,
                19.0547542688803
              ],
              [
                -98.3428790910472,
                19.054580302701144
              ],
              [
                -98.3428826740439,
                19.054520672902463
              ],
              [
                -98.34283943358781,
                19.05446855887359
              ],
              [
                -98.34232922688037,
                19.054205230404573
              ],
              [
                -98.34258494884953,
                19.0538291553792
              ],
              [
                -98.34262274111425,
                19.053578096648344
              ],
              [
                -98.34312591258701,
                19.052819123474492
              ],
              [
                -98.34296591503684,
                19.052699099851523
              ],
              [
                -98.34260291900193,
                19.05250642097405
              ],
              [
                -98.34346670638935,
                19.05077169110484
              ],
              [
                -98.34582223735822,
                19.051925303862625
              ],
              [
                -98.34596129318354,
                19.051954842110682
              ],
              [
                -98.34784372326206,
                19.051179960055663
              ],
              [
                -98.34793239683083,
                19.051143457696803
              ],
              [
                -98.34604123594812,
                19.049105189610056
              ],
              [
                -98.34451024545645,
                19.047433476270367
              ],
              [
                -98.34423445646854,
                19.04713717838034
              ],
              [
                -98.34395866940973,
                19.04684087919786
              ],
              [
                -98.34291546710362,
                19.045676246285637
              ],
              [
                -98.3423827364844,
                19.044918493314043
              ],
              [
                -98.34250516192535,
                19.044899005068622
              ],
              [
                -98.34261057588134,
                19.044882333608122
              ],
              [
                -98.34366693897063,
                19.044713956205793
              ],
              [
                -98.35198676352925,
                19.043388895418936
              ],
              [
                -98.35419519197376,
                19.04324249069644
              ],
              [
                -98.35642538807042,
                19.043119522671518
              ],
              [
                -98.35658835376853,
                19.0431048322011
              ],
              [
                -98.35772994899094,
                19.042975874851663
              ],
              [
                -98.35888242813581,
                19.042611373795605
              ],
              [
                -98.35922791842434,
                19.042477012353658
              ],
              [
                -98.36060770807103,
                19.041940399224444
              ],
              [
                -98.3619425243378,
                19.041671405963292
              ],
              [
                -98.36243940743925,
                19.041571270185795
              ],
              [
                -98.36392903104196,
                19.041271062669264
              ],
              [
                -98.36757594103292,
                19.03958591763043
              ],
              [
                -98.36774870194468,
                19.03991768317801
              ],
              [
                -98.37009995429155,
                19.04443603847649
              ],
              [
                -98.36834536443605,
                19.044287531188555
              ],
              [
                -98.36691380823294,
                19.044428143566925
              ],
              [
                -98.36476033911806,
                19.044639642757062
              ],
              [
                -98.36410839222562,
                19.044838936323284
              ],
              [
                -98.36374212196779,
                19.044947045426152
              ],
              [
                -98.36196580423601,
                19.045492801939297
              ],
              [
                -98.36127449124574,
                19.04570519598591
              ],
              [
                -98.3610624984041,
                19.045771310610835
              ],
              [
                -98.3606751209961,
                19.04589212267682
              ],
              [
                -98.36033425762652,
                19.045998426804033
              ],
              [
                -98.35961991237649,
                19.046252619414766
              ],
              [
                -98.35724207540653,
                19.04710147694368
              ],
              [
                -98.35594119192163,
                19.047565858488053
              ],
              [
                -98.35539965120257,
                19.047759171647275
              ],
              [
                -98.35443462458439,
                19.04809913487954
              ],
              [
                -98.35401192112711,
                19.04824804400369
              ],
              [
                -98.35380175988138,
                19.048378604291315
              ],
              [
                -98.35258546663326,
                19.049134199798072
              ],
              [
                -98.35207794107866,
                19.05039441607099
              ],
              [
                -98.3507953182437,
                19.053579146827364
              ],
              [
                -98.35165442853997,
                19.053907249299186
              ],
              [
                -98.35150398151133,
                19.0542954520787
              ],
              [
                -98.35124556094664,
                19.054962306040867
              ],
              [
                -98.35039179411368,
                19.05465295896656
              ],
              [
                -98.3498080080974,
                19.05607657924796
              ],
              [
                -98.34897779787053,
                19.05791559076569
              ],
              [
                -98.3488787760977,
                19.05799145814217
              ],
              [
                -98.34951064709213,
                19.059762415685384
              ],
              [
                -98.34950260376534,
                19.059820913823994
              ],
              [
                -98.34996866556553,
                19.060726807054504
              ],
              [
                -98.35070647401639,
                19.06157093776304
              ],
              [
                -98.35200684408424,
                19.063924870104145
              ],
              [
                -98.35631098268799,
                19.062983007616005
              ],
              [
                -98.35405921528753,
                19.065334152712925
              ],
              [
                -98.35395445021203,
                19.065309021284097
              ]
            ]
          ]
        ]
      }
    },
    {
      "type": "Feature",
      "properties": {
        "clave_ine": "211843",
        "seccion": 1843,
        "municipio": "San Pedro Cholula",
        "entidad": "Puebla"
      },
      "geometry": {
        "type": "MultiPolygon",
        "coordinates": [
          [
            [
              [
                -98.33474902996979,
                19.05875257869049
              ],
              [
                -98.33499876962404,
                19.05831328401623
              ],
              [
                -98.33506792179618,
                19.058191645603276
              ],
              [
                -98.33503533029878,
                19.058162172793832
              ],
              [
                -98.33439284811917,
                19.057834511008974
              ],
              [
                -98.3339436013828,
                19.058723310880087
              ],
              [
                -98.33316130150986,
                19.058438829256655
              ],
              [
                -98.33041690879018,
                19.057462452035413
              ],
              [
                -98.33036569209862,
                19.05756662166471
              ],
              [
                -98.33032952152168,
                19.05764013135122
              ],
              [
                -98.33025894698523,
                19.057782670170344
              ],
              [
                -98.32979469436908,
                19.057560483811407
              ],
              [
                -98.32972926189207,
                19.05752916742913
              ],
              [
                -98.32967516398841,
                19.05750491405587
              ],
              [
                -98.3287414405107,
                19.057060606912668
              ],
              [
                -98.32867027053175,
                19.057227803480583
              ],
              [
                -98.32864785243801,
                19.05727934838357
              ],
              [
                -98.32862273723714,
                19.057337239289843
              ],
              [
                -98.32858474830607,
                19.057424806499245
              ],
              [
                -98.32847788795519,
                19.057377786930463
              ],
              [
                -98.32829882485416,
                19.057299003744806
              ],
              [
                -98.32823557330838,
                19.05727114606378
              ],
              [
                -98.32796419747174,
                19.057151624155633
              ],
              [
                -98.32789060794975,
                19.05711921375598
              ],
              [
                -98.32766113517094,
                19.057018146037223
              ],
              [
                -98.32761821290116,
                19.057000857947475
              ],
              [
                -98.32758106575504,
                19.056984852476063
              ],
              [
                -98.32744480427736,
                19.056926140480737
              ],
              [
                -98.32769066985377,
                19.056395842478807
              ],
              [
                -98.32772362978727,
                19.056333454478086
              ],
              [
                -98.32791808101528,
                19.055934710389543
              ],
              [
                -98.32794599343696,
                19.055877472298633
              ],
              [
                -98.32759682964924,
                19.055680938588566
              ],
              [
                -98.32795164800241,
                19.055600494641986
              ],
              [
                -98.32640038025113,
                19.05479758999289
              ],
              [
                -98.32640278404116,
                19.054754669651828
              ],
              [
                -98.32652110692494,
                19.054513829777243
              ],
              [
                -98.32658285263587,
                19.054388147872572
              ],
              [
                -98.32661208493867,
                19.05432864556997
              ],
              [
                -98.32680241248556,
                19.053941241796196
              ],
              [
                -98.32678620262496,
                19.05353373873213
              ],
              [
                -98.32775211411365,
                19.053965074980496
              ],
              [
                -98.32843521844863,
                19.05280295262976
              ],
              [
                -98.32840343840803,
                19.05271455766796
              ],
              [
                -98.32845169620684,
                19.052627870049903
              ],
              [
                -98.32894293086248,
                19.051745446299954
              ],
              [
                -98.32889312193748,
                19.051682448921465
              ],
              [
                -98.32862727448673,
                19.05155578089175
              ],
              [
                -98.32680818676327,
                19.050702765590493
              ],
              [
                -98.32671350857146,
                19.0506829569806
              ],
              [
                -98.32668553466975,
                19.05066109079398
              ],
              [
                -98.32462351738927,
                19.04971438926496
              ],
              [
                -98.32463045108125,
                19.04964440842896
              ],
              [
                -98.32536043299346,
                19.049382395229127
              ],
              [
                -98.32698641823647,
                19.048798765274388
              ],
              [
                -98.32913013216968,
                19.048029273241525
              ],
              [
                -98.33009184289041,
                19.04768360176516
              ],
              [
                -98.33422690491903,
                19.04620960131446
              ],
              [
                -98.33591621889356,
                19.045901722742244
              ],
              [
                -98.34050867177548,
                19.045203468129593
              ],
              [
                -98.3423827364844,
                19.044918493314043
              ],
              [
                -98.34291546710362,
                19.045676246285637
              ],
              [
                -98.34395866940973,
                19.04684087919786
              ],
              [
                -98.34423445646854,
                19.04713717838034
              ],
              [
                -98.34451024545645,
                19.047433476270367
              ],
              [
                -98.34604123594812,
                19.049105189610056
              ],
              [
                -98.34793239683083,
                19.051143457696803
              ],
              [
                -98.34784372326206,
                19.051179960055663
              ],
              [
                -98.34596129318354,
                19.051954842110682
              ],
              [
                -98.34582223735822,
                19.051925303862625
              ],
              [
                -98.34346670638935,
                19.05077169110484
              ],
              [
                -98.34260291900193,
                19.05250642097405
              ],
              [
                -98.34296591503684,
                19.052699099851523
              ],
              [
                -98.34312591258701,
                19.052819123474492
              ],
              [
                -98.34262274111425,
                19.053578096648344
              ],
              [
                -98.34258494884953,
                19.0538291553792
              ],
              [
                -98.34232922688037,
                19.054205230404573
              ],
              [
                -98.34283943358781,
                19.05446855887359
              ],
              [
                -98.3428826740439,
                19.054520672902463
              ],
              [
                -98.3428790910472,
                19.054580302701144
              ],
              [
                -98.34274050089742,
                19.0547542688803
              ],
              [
                -98.34276960863195,
                19.054884473321735
              ],
              [
                -98.3427407989781,
                19.055034017073353
              ],
              [
                -98.34252519978305,
                19.055475687710214
              ],
              [
                -98.34252781397223,
                19.055515810266908
              ],
              [
                -98.34272737778781,
                19.055643715546054
              ],
              [
                -98.34273377131788,
                19.055703000399905
              ],
              [
                -98.34200200166967,
                19.05714115801717
              ],
              [
                -98.34200900368438,
                19.0572851602725
              ],
              [
                -98.34146684793075,
                19.058362137182034
              ],
              [
                -98.34140041647838,
                19.058433710233036
              ],
              [
                -98.34139037682723,
                19.058500780703408
              ],
              [
                -98.34136607761486,
                19.058540090548476
              ],
              [
                -98.34093617885668,
                19.05859908463051
              ],
              [
                -98.34051769260797,
                19.058732527708486
              ],
              [
                -98.34014791276434,
                19.05883935606914
              ],
              [
                -98.33975716966545,
                19.058951156819578
              ],
              [
                -98.33924828794808,
                19.059096757411968
              ],
              [
                -98.3391988776174,
                19.059086600742365
              ],
              [
                -98.3391328408121,
                19.059060870432702
              ],
              [
                -98.3386155002315,
                19.059068233805643
              ],
              [
                -98.33825683457614,
                19.059108905547376
              ],
              [
                -98.3378529027909,
                19.059186705953476
              ],
              [
                -98.33765217703743,
                19.059225488722838
              ],
              [
                -98.33744434167865,
                19.059265349178364
              ],
              [
                -98.33725667801876,
                19.059300812076415
              ],
              [
                -98.33693962948556,
                19.05936072349281
              ],
              [
                -98.33674570012485,
                19.059398682002193
              ],
              [
                -98.33641424750449,
                19.0594634524178
              ],
              [
                -98.33591221452394,
                19.059560216206552
              ],
              [
                -98.3351694144697,
                19.059703383655155
              ],
              [
                -98.33485876187059,
                19.05976325846746
              ],
              [
                -98.3344927308218,
                19.05983380470206
              ],
              [
                -98.33434511854907,
                19.05986225525387
              ],
              [
                -98.33409024413841,
                19.059911377860775
              ],
              [
                -98.33474902996979,
                19.05875257869049
              ]
            ]
          ]
        ]
      }
    },
    {
      "type": "Feature",
      "properties": {
        "clave_ine": "211844",
        "seccion": 1844,
        "municipio": "San Pedro Cholula",
        "entidad": "Puebla"
      },
      "geometry": {
        "type": "MultiPolygon",
        "coordinates": [
          [
            [
              [
                -98.37362087616147,
                19.052174681756973
              ],
              [
                -98.37244314214065,
                19.051628401895847
              ],
              [
                -98.37123197652606,
                19.045838257941373
              ],
              [
                -98.3756558893764,
                19.045603025058025
              ],
              [
                -98.37784141025249,
                19.045486775319635
              ],
              [
                -98.3781287817452,
                19.045115775111007
              ],
              [
                -98.37924994221638,
                19.043668223353205
              ],
              [
                -98.37973958741641,
                19.043037981600726
              ],
              [
                -98.38008858758106,
                19.042588765419357
              ],
              [
                -98.38044041217655,
                19.04212415584193
              ],
              [
                -98.38158884460252,
                19.04071106475694
              ],
              [
                -98.38218139836215,
                19.03996784444294
              ],
              [
                -98.38293596230861,
                19.039629229808664
              ],
              [
                -98.38353636235144,
                19.039531994371096
              ],
              [
                -98.38398210275851,
                19.03897161521919
              ],
              [
                -98.38439190073532,
                19.038456417838066
              ],
              [
                -98.38455898741071,
                19.03831452889409
              ],
              [
                -98.38466623394697,
                19.03823013504581
              ],
              [
                -98.38554579743416,
                19.03848116354817
              ],
              [
                -98.38624204587394,
                19.03813164813404
              ],
              [
                -98.38670643522414,
                19.037675593828574
              ],
              [
                -98.38712608165875,
                19.037956100139983
              ],
              [
                -98.38714776602274,
                19.037953607326294
              ],
              [
                -98.3878079309429,
                19.037877728520737
              ],
              [
                -98.38813751742116,
                19.037761886926337
              ],
              [
                -98.38835338313248,
                19.03752406485548
              ],
              [
                -98.38894706244616,
                19.03713080785412
              ],
              [
                -98.38975315822015,
                19.036892597874456
              ],
              [
                -98.39038643753928,
                19.036826535640266
              ],
              [
                -98.39094801194761,
                19.036771593704614
              ],
              [
                -98.39182814253547,
                19.037414922774595
              ],
              [
                -98.3927885048342,
                19.038112322946485
              ],
              [
                -98.39561437738054,
                19.039824941732235
              ],
              [
                -98.39569055871817,
                19.039871110194763
              ],
              [
                -98.39625385674695,
                19.04006424674708
              ],
              [
                -98.39778689715764,
                19.0405898665601
              ],
              [
                -98.39824073859103,
                19.040676224742583
              ],
              [
                -98.40019910257374,
                19.04135296748596
              ],
              [
                -98.40171143101803,
                19.040136322017503
              ],
              [
                -98.40264453501734,
                19.040283622426408
              ],
              [
                -98.40300765434895,
                19.040761868031574
              ],
              [
                -98.40337075020409,
                19.043361888028706
              ],
              [
                -98.40361192324384,
                19.04575824535839
              ],
              [
                -98.40398580394094,
                19.04665905069916
              ],
              [
                -98.40363230902135,
                19.048575348237968
              ],
              [
                -98.4035249872234,
                19.05098177279858
              ],
              [
                -98.40289216996894,
                19.05227124606027
              ],
              [
                -98.40257328415831,
                19.052778208585657
              ],
              [
                -98.400986084429,
                19.05274450929561
              ],
              [
                -98.40054729250215,
                19.052600918943487
              ],
              [
                -98.39619112176779,
                19.05298696893747
              ],
              [
                -98.38821758771313,
                19.053687758404397
              ],
              [
                -98.38587604555194,
                19.053894065595042
              ],
              [
                -98.38562840587137,
                19.053915320253278
              ],
              [
                -98.37207359649021,
                19.05507821554531
              ],
              [
                -98.37362087616147,
                19.052174681756973
              ]
            ]
          ]
        ]
      }
    },
    {
      "type": "Feature",
      "properties": {
        "clave_ine": "211845",
        "seccion": 1845,
        "municipio": "San Pedro Cholula",
        "entidad": "Puebla"
      },
      "geometry": {
        "type": "MultiPolygon",
        "coordinates": [
          [
            [
              [
                -98.37079875263218,
                19.045781127298568
              ],
              [
                -98.37009995429155,
                19.04443603847649
              ],
              [
                -98.36774870194468,
                19.03991768317801
              ],
              [
                -98.36757594103292,
                19.03958591763043
              ],
              [
                -98.36837585514876,
                19.039267273822336
              ],
              [
                -98.37117509656427,
                19.038235142384156
              ],
              [
                -98.37265861681938,
                19.036988014671405
              ],
              [
                -98.37341524467615,
                19.036351951490445
              ],
              [
                -98.37461769806568,
                19.035695857490698
              ],
              [
                -98.37575518071765,
                19.034793005702728
              ],
              [
                -98.37695532000025,
                19.034054088946654
              ],
              [
                -98.37837742881217,
                19.032935854861883
              ],
              [
                -98.3798598933469,
                19.031898743881932
              ],
              [
                -98.38086300066075,
                19.031324543989303
              ],
              [
                -98.38174806200539,
                19.030917283289664
              ],
              [
                -98.3839620296324,
                19.03057189025318
              ],
              [
                -98.38823744835105,
                19.02920786204083
              ],
              [
                -98.38806661320083,
                19.020685419934203
              ],
              [
                -98.39375546979059,
                19.01849044670133
              ],
              [
                -98.39340648211368,
                19.019037854836824
              ],
              [
                -98.39309455499432,
                19.02010416898111
              ],
              [
                -98.39317945609963,
                19.02096250340026
              ],
              [
                -98.39374617463024,
                19.02245026455657
              ],
              [
                -98.39509098996804,
                19.02467409816448
              ],
              [
                -98.39545517781922,
                19.02494558448069
              ],
              [
                -98.39586693838145,
                19.02551925275845
              ],
              [
                -98.39618449869506,
                19.026075165032207
              ],
              [
                -98.39633801872786,
                19.02655149112673
              ],
              [
                -98.39645625263609,
                19.02688206546031
              ],
              [
                -98.39653406148632,
                19.027181782817838
              ],
              [
                -98.39675607661297,
                19.028371493266835
              ],
              [
                -98.39658481199668,
                19.0288286857524
              ],
              [
                -98.39641328176887,
                19.02924443952297
              ],
              [
                -98.3959477489491,
                19.029643957353276
              ],
              [
                -98.39596732945931,
                19.0300672931222
              ],
              [
                -98.39604268728249,
                19.03068666757358
              ],
              [
                -98.39635841819162,
                19.031589162283996
              ],
              [
                -98.3972072217358,
                19.03284920338108
              ],
              [
                -98.39817449959011,
                19.03418869460915
              ],
              [
                -98.3989117832379,
                19.035617694070545
              ],
              [
                -98.40028103011876,
                19.036779824767418
              ],
              [
                -98.40149912686158,
                19.03877504439686
              ],
              [
                -98.40264453501734,
                19.040283622426408
              ],
              [
                -98.40171143101803,
                19.040136322017503
              ],
              [
                -98.40019910257374,
                19.04135296748596
              ],
              [
                -98.39824073859103,
                19.040676224742583
              ],
              [
                -98.39778689715764,
                19.0405898665601
              ],
              [
                -98.39625385674695,
                19.04006424674708
              ],
              [
                -98.39569055871817,
                19.039871110194763
              ],
              [
                -98.39561437738054,
                19.039824941732235
              ],
              [
                -98.3927885048342,
                19.038112322946485
              ],
              [
                -98.39182814253547,
                19.037414922774595
              ],
              [
                -98.39094801194761,
                19.036771593704614
              ],
              [
                -98.39038643753928,
                19.036826535640266
              ],
              [
                -98.38975315822015,
                19.036892597874456
              ],
              [
                -98.38894706244616,
                19.03713080785412
              ],
              [
                -98.38835338313248,
                19.03752406485548
              ],
              [
                -98.38813751742116,
                19.037761886926337
              ],
              [
                -98.3878079309429,
                19.037877728520737
              ],
              [
                -98.38714776602274,
                19.037953607326294
              ],
              [
                -98.38712608165875,
                19.037956100139983
              ],
              [
                -98.38670643522414,
                19.037675593828574
              ],
              [
                -98.38624204587394,
                19.03813164813404
              ],
              [
                -98.38554579743416,
                19.03848116354817
              ],
              [
                -98.38466623394697,
                19.03823013504581
              ],
              [
                -98.38455898741071,
                19.03831452889409
              ],
              [
                -98.38439190073532,
                19.038456417838066
              ],
              [
                -98.38398210275851,
                19.03897161521919
              ],
              [
                -98.38353636235144,
                19.039531994371096
              ],
              [
                -98.38293596230861,
                19.039629229808664
              ],
              [
                -98.38218139836215,
                19.03996784444294
              ],
              [
                -98.38158884460252,
                19.04071106475694
              ],
              [
                -98.38044041217655,
                19.04212415584193
              ],
              [
                -98.38008858758106,
                19.042588765419357
              ],
              [
                -98.37973958741641,
                19.043037981600726
              ],
              [
                -98.37924994221638,
                19.043668223353205
              ],
              [
                -98.3781287817452,
                19.045115775111007
              ],
              [
                -98.37784141025249,
                19.045486775319635
              ],
              [
                -98.3756558893764,
                19.045603025058025
              ],
              [
                -98.37123197652606,
                19.045838257941373
              ],
              [
                -98.37079875263218,
                19.045781127298568
              ]
            ]
          ]
        ]
      }
    }
  ]
}
